Order_ID,Product,Region,Supplier,Order_Date,Delivery_Date,Quantity,Unit_Cost,Status,Total_Cost,Lead_Time_Days
ORD00001,Gadget C,South,Supplier Z,2024-01-01,2024-01-08,20,93.44,Delivered,1868.8,7
ORD00002,Gadget D,East,Supplier Y,2024-01-02,2024-01-08,60,19.49,Delivered,1169.3999999999999,6
ORD00003,Widget A,North,Supplier Z,2024-01-03,2024-01-08,26,78.8,Delivered,2048.7999999999997,5
ORD00004,Gadget C,North,Supplier Z,2024-01-04,2024-01-15,91,46.87,Delivered,4265.17,11
ORD00005,Gadget C,North,Supplier X,2024-01-05,2024-01-07,95,68.97,Delivered,6552.15,2
ORD00006,Gadget D,North,Supplier X,2024-01-06,2024-01-17,33,33.42,Returned,1102.8600000000001,11
ORD00007,Widget A,West,Supplier Z,2024-01-07,2024-01-14,28,24.35,Delivered,681.8000000000001,7
ORD00008,Widget A,North,Supplier X,2024-01-08,2024-01-11,46,24.44,Delivered,1124.24,3
ORD00009,Gadget C,West,Supplier Y,2024-01-09,2024-01-13,94,16.34,Delayed,1535.96,4
ORD00010,Widget B,West,Supplier Y,2024-01-10,2024-01-19,17,26.71,Returned,454.07,9
ORD00011,Gadget C,North,Supplier X,2024-01-11,2024-01-22,37,69.78,Delivered,2581.86,11
ORD00012,Gadget C,North,Supplier Y,2024-01-12,2024-01-19,14,89.35,Delayed,1250.8999999999999,7
ORD00013,Gadget C,South,Supplier X,2024-01-13,2024-01-17,26,83.27,Delivered,2165.02,4
ORD00014,Gadget C,East,Supplier Z,2024-01-14,2024-01-22,45,71.66,Delivered,3224.7,8
ORD00015,Gadget D,North,Supplier Z,2024-01-15,2024-01-20,28,19.94,Delivered,558.32,5
ORD00016,Widget A,South,Supplier Y,2024-01-16,2024-01-26,73,36.03,Delivered,2630.19,10
ORD00017,Gadget D,South,Supplier X,2024-01-17,2024-01-23,20,37.88,Delivered,757.6,6
ORD00018,Gadget D,East,Supplier X,2024-01-18,2024-01-22,63,32.5,Delivered,2047.5,4
ORD00019,Gadget D,West,Supplier Y,2024-01-19,2024-01-22,54,56.35,Delivered,3042.9,3
ORD00020,Gadget C,North,Supplier Z,2024-01-20,2024-01-23,56,58.2,Delivered,3259.2000000000003,3
ORD00021,Widget B,East,Supplier Y,2024-01-21,2024-01-25,21,42.12,Delivered,884.52,4
ORD00022,Widget A,North,Supplier Z,2024-01-22,2024-01-25,30,41.84,Delivered,1255.2,3
ORD00023,Widget B,South,Supplier X,2024-01-23,2024-01-28,20,84.57,Delivered,1691.3999999999999,5
ORD00024,Gadget D,South,Supplier Z,2024-01-24,2024-01-27,14,81.04,Delayed,1134.5600000000002,3
ORD00025,Gadget D,West,Supplier Y,2024-01-25,2024-02-05,90,37.7,Delayed,3393.0000000000005,11
ORD00026,Widget B,South,Supplier X,2024-01-26,2024-02-05,65,92.24,Delayed,5995.599999999999,10
ORD00027,Widget B,South,Supplier Y,2024-01-27,2024-01-30,29,95.75,Delivered,2776.75,3
ORD00028,Widget B,East,Supplier Y,2024-01-28,2024-02-07,50,39.41,Delayed,1970.4999999999998,10
ORD00029,Gadget D,North,Supplier Z,2024-01-29,2024-02-05,55,41.9,Delivered,2304.5,7
ORD00030,Gadget D,North,Supplier Y,2024-01-30,2024-02-01,21,55.51,Delivered,1165.71,2
ORD00031,Widget A,East,Supplier Z,2024-01-31,2024-02-05,79,94.7,Delivered,7481.3,5
ORD00032,Widget A,West,Supplier X,2024-02-01,2024-02-03,26,88.87,Delivered,2310.62,2
ORD00033,Gadget D,North,Supplier Z,2024-02-02,2024-02-09,28,19.23,Delivered,538.44,7
ORD00034,Widget B,South,Supplier X,2024-02-03,2024-02-08,35,45.35,Delivered,1587.25,5
ORD00035,Widget B,North,Supplier Z,2024-02-04,2024-02-08,57,59.8,Delayed,3408.6,4
ORD00036,Widget A,South,Supplier Y,2024-02-05,2024-02-09,61,55.28,Delivered,3372.08,4
ORD00037,Gadget D,West,Supplier Z,2024-02-06,2024-02-16,79,27.45,Delivered,2168.5499999999997,10
ORD00038,Widget A,East,Supplier Z,2024-02-07,2024-02-14,64,87.29,Returned,5586.56,7
ORD00039,Widget A,North,Supplier X,2024-02-08,2024-02-18,84,70.92,Delivered,5957.28,10
ORD00040,Gadget C,East,Supplier Y,2024-02-09,2024-02-15,42,85.41,Delivered,3587.22,6
ORD00041,Gadget C,North,Supplier Z,2024-02-10,2024-02-13,71,87.29,Delivered,6197.59,3
ORD00042,Gadget C,South,Supplier Y,2024-02-11,2024-02-20,97,77.35,Delivered,7502.95,9
ORD00043,Widget B,East,Supplier Z,2024-02-12,2024-02-18,32,49.53,Delivered,1584.96,6
ORD00044,Gadget D,North,Supplier Z,2024-02-13,2024-02-16,24,64.95,Delivered,1558.8000000000002,3
ORD00045,Gadget D,South,Supplier Y,2024-02-14,2024-02-19,36,24.43,Delivered,879.48,5
ORD00046,Gadget D,East,Supplier Z,2024-02-15,2024-02-25,84,70.63,Delivered,5932.92,10
ORD00047,Gadget D,East,Supplier Y,2024-02-16,2024-02-21,73,26.13,Delivered,1907.49,5
ORD00048,Gadget C,North,Supplier Z,2024-02-17,2024-02-22,90,72.46,Delivered,6521.4,5
ORD00049,Widget B,North,Supplier X,2024-02-18,2024-02-21,60,30.66,Delivered,1839.6,3
ORD00050,Widget B,North,Supplier Y,2024-02-19,2024-02-26,62,20.58,Delayed,1275.9599999999998,7
ORD00051,Gadget C,South,Supplier Z,2024-02-20,2024-02-23,87,24.88,Delivered,2164.56,3
ORD00052,Widget B,North,Supplier Z,2024-02-21,2024-02-29,91,10.18,Delivered,926.38,8
ORD00053,Gadget C,East,Supplier X,2024-02-22,2024-02-26,60,74.69,Delivered,4481.4,4
ORD00054,Gadget D,East,Supplier Y,2024-02-23,2024-02-27,56,75.92,Delivered,4251.52,4
ORD00055,Gadget C,North,Supplier Z,2024-02-24,2024-03-01,13,56.34,Delivered,732.4200000000001,6
ORD00056,Gadget D,North,Supplier X,2024-02-25,2024-02-29,16,24.52,Delivered,392.32,4
ORD00057,Gadget D,West,Supplier Z,2024-02-26,2024-02-29,44,17.52,Delayed,770.88,3
ORD00058,Widget A,East,Supplier Y,2024-02-27,2024-03-09,57,11.72,Delayed,668.0400000000001,11
ORD00059,Gadget C,South,Supplier Z,2024-02-28,2024-03-09,82,24.92,Delivered,2043.44,10
ORD00060,Widget A,West,Supplier Z,2024-02-29,2024-03-03,81,90.18,Delayed,7304.580000000001,3
ORD00061,Gadget C,North,Supplier Z,2024-03-01,2024-03-04,54,31.74,Delivered,1713.9599999999998,3
ORD00062,Gadget C,North,Supplier Z,2024-03-02,2024-03-11,90,41.88,Delivered,3769.2000000000003,9
ORD00063,Widget A,East,Supplier X,2024-03-03,2024-03-13,90,19.48,Delivered,1753.2,10
ORD00064,Widget A,North,Supplier X,2024-03-04,2024-03-12,81,30.01,Delivered,2430.81,8
ORD00065,Gadget C,South,Supplier Y,2024-03-05,2024-03-09,28,56.73,Delayed,1588.4399999999998,4
ORD00066,Widget B,East,Supplier X,2024-03-06,2024-03-16,72,64.7,Delivered,4658.400000000001,10
ORD00067,Gadget D,North,Supplier X,2024-03-07,2024-03-11,47,32.08,Delivered,1507.76,4
ORD00068,Widget A,East,Supplier Y,2024-03-08,2024-03-14,76,15.2,Returned,1155.2,6
ORD00069,Gadget D,North,Supplier X,2024-03-09,2024-03-19,68,45.19,Delivered,3072.92,10
ORD00070,Widget B,North,Supplier X,2024-03-10,2024-03-14,78,31.08,Delivered,2424.24,4
ORD00071,Widget B,North,Supplier Y,2024-03-11,2024-03-19,22,29.76,Delivered,654.72,8
ORD00072,Widget B,South,Supplier Y,2024-03-12,2024-03-14,56,96.39,Delayed,5397.84,2
ORD00073,Widget A,South,Supplier Y,2024-03-13,2024-03-18,70,65.47,Delayed,4582.9,5
ORD00074,Widget B,East,Supplier Z,2024-03-14,2024-03-19,40,60.12,Delivered,2404.7999999999997,5
ORD00075,Widget A,North,Supplier Z,2024-03-15,2024-03-23,89,47.42,Delivered,4220.38,8
ORD00076,Widget B,North,Supplier Y,2024-03-16,2024-03-25,31,48.6,Delivered,1506.6000000000001,9
ORD00077,Gadget D,South,Supplier Y,2024-03-17,2024-03-19,95,58.68,Delayed,5574.6,2
ORD00078,Gadget D,North,Supplier Y,2024-03-18,2024-03-24,52,72.68,Delivered,3779.3600000000006,6
ORD00079,Gadget C,South,Supplier Z,2024-03-19,2024-03-27,76,73.19,Delivered,5562.44,8
ORD00080,Gadget D,North,Supplier Z,2024-03-20,2024-03-25,63,25.45,Returned,1603.35,5
ORD00081,Gadget C,East,Supplier X,2024-03-21,2024-03-26,19,55.01,Delivered,1045.19,5
ORD00082,Gadget D,North,Supplier X,2024-03-22,2024-03-27,51,47.08,Delivered,2401.08,5
ORD00083,Widget A,North,Supplier Y,2024-03-23,2024-03-30,73,88.35,Delivered,6449.549999999999,7
ORD00084,Gadget D,West,Supplier Z,2024-03-24,2024-04-01,30,66.83,Returned,2004.8999999999999,8
ORD00085,Gadget C,South,Supplier Z,2024-03-25,2024-03-28,89,57.93,Delivered,5155.7699999999995,3
ORD00086,Gadget C,North,Supplier Z,2024-03-26,2024-04-01,85,20.39,Delivered,1733.15,6
ORD00087,Widget B,North,Supplier Y,2024-03-27,2024-04-01,75,64.51,Delivered,4838.25,5
ORD00088,Widget A,West,Supplier X,2024-03-28,2024-04-01,50,20.55,Delivered,1027.5,4
ORD00089,Gadget D,West,Supplier Y,2024-03-29,2024-04-06,33,40.35,Delivered,1331.55,8
ORD00090,Widget B,South,Supplier X,2024-03-30,2024-04-06,44,22.86,Delivered,1005.8399999999999,7
ORD00091,Gadget D,West,Supplier X,2024-03-31,2024-04-08,65,72.29,Returned,4698.85,8
ORD00092,Gadget D,East,Supplier Y,2024-04-01,2024-04-07,39,28.56,Delivered,1113.84,6
ORD00093,Widget B,West,Supplier X,2024-04-02,2024-04-09,66,45.27,Delivered,2987.82,7
ORD00094,Widget B,East,Supplier X,2024-04-03,2024-04-09,56,90.61,Delivered,5074.16,6
ORD00095,Widget B,South,Supplier Z,2024-04-04,2024-04-12,44,28.39,Delivered,1249.16,8
ORD00096,Widget B,South,Supplier X,2024-04-05,2024-04-08,28,55.7,Delayed,1559.6000000000001,3
ORD00097,Widget B,South,Supplier Y,2024-04-06,2024-04-12,17,47.73,Delivered,811.41,6
ORD00098,Gadget D,South,Supplier Y,2024-04-07,2024-04-14,35,11.63,Delivered,407.05,7
ORD00099,Widget B,South,Supplier X,2024-04-08,2024-04-15,80,81.35,Delivered,6508.0,7
ORD00100,Widget A,East,Supplier Z,2024-04-09,2024-04-15,39,16.21,Delivered,632.19,6
ORD00101,Gadget C,East,Supplier Z,2024-04-10,2024-04-21,16,52.68,Delivered,842.88,11
ORD00102,Widget B,South,Supplier X,2024-04-11,2024-04-19,76,60.46,Delivered,4594.96,8
ORD00103,Widget B,West,Supplier X,2024-04-12,2024-04-23,74,66.56,Delayed,4925.4400000000005,11
ORD00104,Gadget D,North,Supplier Y,2024-04-13,2024-04-22,45,71.98,Returned,3239.1000000000004,9
ORD00105,Widget B,South,Supplier X,2024-04-14,2024-04-22,34,32.79,Delivered,1114.86,8
ORD00106,Widget B,West,Supplier Z,2024-04-15,2024-04-21,46,10.9,Returned,501.40000000000003,6
ORD00107,Widget B,North,Supplier X,2024-04-16,2024-04-18,10,75.11,Delivered,751.1,2
ORD00108,Gadget D,South,Supplier Y,2024-04-17,2024-04-23,24,58.21,Delivered,1397.04,6
ORD00109,Widget B,South,Supplier Y,2024-04-18,2024-04-29,46,85.25,Delivered,3921.5,11
ORD00110,Gadget C,East,Supplier Y,2024-04-19,2024-04-22,22,83.92,Delivered,1846.24,3
ORD00111,Gadget D,North,Supplier Y,2024-04-20,2024-04-26,17,85.9,Delivered,1460.3000000000002,6
ORD00112,Gadget C,North,Supplier Y,2024-04-21,2024-04-27,14,53.66,Delivered,751.24,6
ORD00113,Gadget D,West,Supplier X,2024-04-22,2024-04-25,69,40.03,Delivered,2762.07,3
ORD00114,Widget B,East,Supplier X,2024-04-23,2024-04-29,82,81.24,Delivered,6661.679999999999,6
ORD00115,Gadget C,East,Supplier X,2024-04-24,2024-04-29,10,50.62,Delivered,506.2,5
ORD00116,Gadget D,East,Supplier X,2024-04-25,2024-04-27,45,26.51,Delayed,1192.95,2
ORD00117,Widget A,East,Supplier Y,2024-04-26,2024-04-30,44,86.95,Delivered,3825.8,4
ORD00118,Widget B,North,Supplier Z,2024-04-27,2024-04-29,75,89.43,Delivered,6707.250000000001,2
ORD00119,Gadget D,North,Supplier X,2024-04-28,2024-05-04,72,51.97,Delivered,3741.84,6
ORD00120,Widget A,South,Supplier Z,2024-04-29,2024-05-04,32,16.81,Delivered,537.92,5
ORD00121,Gadget D,South,Supplier X,2024-04-30,2024-05-08,18,44.9,Delayed,808.1999999999999,8
ORD00122,Widget A,East,Supplier X,2024-05-01,2024-05-07,43,82.32,Delivered,3539.7599999999998,6
ORD00123,Widget B,East,Supplier Z,2024-05-02,2024-05-13,55,91.16,Delivered,5013.8,11
ORD00124,Gadget C,East,Supplier Y,2024-05-03,2024-05-08,87,28.31,Delayed,2462.97,5
ORD00125,Widget A,South,Supplier X,2024-05-04,2024-05-07,13,16.03,Delivered,208.39000000000001,3
ORD00126,Gadget D,West,Supplier X,2024-05-05,2024-05-10,39,88.96,Delivered,3469.4399999999996,5
ORD00127,Widget B,West,Supplier X,2024-05-06,2024-05-09,84,45.05,Delivered,3784.2,3
ORD00128,Widget A,South,Supplier Z,2024-05-07,2024-05-16,81,58.76,Returned,4759.5599999999995,9
ORD00129,Gadget D,South,Supplier Y,2024-05-08,2024-05-12,12,97.13,Delivered,1165.56,4
ORD00130,Gadget D,South,Supplier Z,2024-05-09,2024-05-19,23,15.99,Delivered,367.77,10
ORD00131,Gadget D,South,Supplier Z,2024-05-10,2024-05-15,69,68.35,Delivered,4716.15,5
ORD00132,Widget A,South,Supplier Y,2024-05-11,2024-05-18,86,16.67,Delivered,1433.6200000000001,7
ORD00133,Widget A,South,Supplier Z,2024-05-12,2024-05-23,54,43.79,Delivered,2364.66,11
ORD00134,Widget A,East,Supplier Y,2024-05-13,2024-05-19,43,82.34,Delivered,3540.6200000000003,6
ORD00135,Gadget C,East,Supplier X,2024-05-14,2024-05-25,54,49.01,Delivered,2646.54,11
ORD00136,Widget A,East,Supplier Y,2024-05-15,2024-05-17,70,99.75,Returned,6982.5,2
ORD00137,Widget A,East,Supplier X,2024-05-16,2024-05-26,92,60.32,Delayed,5549.44,10
ORD00138,Widget A,South,Supplier Z,2024-05-17,2024-05-19,25,38.9,Delivered,972.5,2
ORD00139,Gadget C,West,Supplier Z,2024-05-18,2024-05-27,75,29.81,Delayed,2235.75,9
ORD00140,Widget A,North,Supplier X,2024-05-19,2024-05-29,49,41.55,Delivered,2035.9499999999998,10
ORD00141,Gadget D,South,Supplier Z,2024-05-20,2024-05-30,26,43.53,Delivered,1131.78,10
ORD00142,Widget A,North,Supplier Y,2024-05-21,2024-05-23,43,16.18,Delivered,695.74,2
ORD00143,Gadget D,West,Supplier X,2024-05-22,2024-05-25,25,43.26,Delayed,1081.5,3
ORD00144,Gadget D,East,Supplier Z,2024-05-23,2024-05-25,69,51.78,Delayed,3572.82,2
ORD00145,Gadget D,West,Supplier X,2024-05-24,2024-06-04,75,75.05,Delivered,5628.75,11
ORD00146,Gadget C,South,Supplier Y,2024-05-25,2024-05-28,75,69.11,Returned,5183.25,3
ORD00147,Gadget C,East,Supplier Y,2024-05-26,2024-06-06,99,73.79,Delivered,7305.210000000001,11
ORD00148,Gadget C,South,Supplier Z,2024-05-27,2024-06-05,22,10.75,Delayed,236.5,9
ORD00149,Widget A,East,Supplier Y,2024-05-28,2024-06-03,65,29.59,Returned,1923.35,6
ORD00150,Gadget D,North,Supplier X,2024-05-29,2024-06-06,40,69.55,Delivered,2782.0,8
ORD00151,Gadget C,North,Supplier Y,2024-05-30,2024-06-02,43,53.56,Delayed,2303.08,3
ORD00152,Gadget C,North,Supplier X,2024-05-31,2024-06-09,48,10.48,Delivered,503.04,9
ORD00153,Widget A,West,Supplier X,2024-06-01,2024-06-08,76,82.4,Delivered,6262.400000000001,7
ORD00154,Gadget C,South,Supplier Y,2024-06-02,2024-06-11,17,79.55,Delivered,1352.35,9
ORD00155,Widget A,West,Supplier Z,2024-06-03,2024-06-05,96,59.36,Delivered,5698.5599999999995,2
ORD00156,Widget B,North,Supplier Y,2024-06-04,2024-06-06,87,15.98,Returned,1390.26,2
ORD00157,Gadget C,South,Supplier X,2024-06-05,2024-06-13,64,78.99,Delivered,5055.36,8
ORD00158,Widget B,North,Supplier X,2024-06-06,2024-06-15,36,62.53,Delivered,2251.08,9
ORD00159,Widget A,West,Supplier Y,2024-06-07,2024-06-11,62,80.38,Delayed,4983.5599999999995,4
ORD00160,Gadget D,West,Supplier Z,2024-06-08,2024-06-14,48,77.66,Returned,3727.68,6
ORD00161,Gadget C,West,Supplier Z,2024-06-09,2024-06-11,74,82.27,Delivered,6087.98,2
ORD00162,Widget A,North,Supplier X,2024-06-10,2024-06-18,26,56.62,Returned,1472.12,8
ORD00163,Gadget D,South,Supplier X,2024-06-11,2024-06-17,39,22.63,Delivered,882.5699999999999,6
ORD00164,Gadget D,South,Supplier Z,2024-06-12,2024-06-21,62,70.4,Delayed,4364.8,9
ORD00165,Widget B,North,Supplier Y,2024-06-13,2024-06-22,22,65.84,Delivered,1448.48,9
ORD00166,Widget A,South,Supplier X,2024-06-14,2024-06-24,30,76.8,Delivered,2304.0,10
ORD00167,Gadget D,North,Supplier X,2024-06-15,2024-06-23,28,25.29,Delivered,708.12,8
ORD00168,Gadget C,South,Supplier Z,2024-06-16,2024-06-18,62,27.55,Delivered,1708.1000000000001,2
ORD00169,Gadget C,East,Supplier Y,2024-06-17,2024-06-21,28,90.14,Delivered,2523.92,4
ORD00170,Widget B,East,Supplier Z,2024-06-18,2024-06-27,66,77.5,Delivered,5115.0,9
ORD00171,Gadget D,West,Supplier Y,2024-06-19,2024-06-23,34,91.74,Delivered,3119.16,4
ORD00172,Widget A,East,Supplier Y,2024-06-20,2024-06-29,95,78.28,Returned,7436.6,9
ORD00173,Gadget C,East,Supplier Y,2024-06-21,2024-06-23,40,63.74,Delivered,2549.6,2
ORD00174,Gadget D,East,Supplier X,2024-06-22,2024-06-28,90,68.87,Delivered,6198.3,6
ORD00175,Gadget D,North,Supplier Z,2024-06-23,2024-06-28,64,90.02,Delivered,5761.28,5
ORD00176,Widget B,East,Supplier Z,2024-06-24,2024-06-30,32,62.09,Delivered,1986.88,6
ORD00177,Gadget C,East,Supplier Y,2024-06-25,2024-07-04,41,66.92,Delayed,2743.7200000000003,9
ORD00178,Gadget C,West,Supplier X,2024-06-26,2024-07-07,71,24.08,Delayed,1709.6799999999998,11
ORD00179,Widget A,East,Supplier X,2024-06-27,2024-07-02,83,52.65,Delivered,4369.95,5
ORD00180,Gadget C,East,Supplier Z,2024-06-28,2024-07-03,19,74.48,Delivered,1415.1200000000001,5
ORD00181,Widget A,South,Supplier X,2024-06-29,2024-07-03,81,34.38,Delayed,2784.78,4
ORD00182,Gadget C,West,Supplier X,2024-06-30,2024-07-08,63,28.2,Delivered,1776.6,8
ORD00183,Widget B,West,Supplier Y,2024-07-01,2024-07-05,61,38.24,Delayed,2332.6400000000003,4
ORD00184,Gadget C,West,Supplier X,2024-07-02,2024-07-06,29,31.74,Delivered,920.4599999999999,4
ORD00185,Widget A,West,Supplier Y,2024-07-03,2024-07-14,41,29.34,Delayed,1202.94,11
ORD00186,Widget A,West,Supplier Z,2024-07-04,2024-07-10,23,48.24,Delivered,1109.52,6
ORD00187,Widget B,West,Supplier X,2024-07-05,2024-07-11,59,91.71,Delivered,5410.889999999999,6
ORD00188,Gadget C,North,Supplier Z,2024-07-06,2024-07-13,37,55.64,Returned,2058.68,7
ORD00189,Gadget C,East,Supplier Z,2024-07-07,2024-07-16,62,26.91,Delivered,1668.42,9
ORD00190,Widget B,West,Supplier X,2024-07-08,2024-07-19,33,16.93,Delivered,558.6899999999999,11
ORD00191,Gadget C,East,Supplier X,2024-07-09,2024-07-16,88,72.65,Delivered,6393.200000000001,7
ORD00192,Gadget C,East,Supplier Z,2024-07-10,2024-07-12,31,44.45,Delivered,1377.95,2
ORD00193,Widget A,North,Supplier X,2024-07-11,2024-07-20,39,83.96,Delivered,3274.4399999999996,9
ORD00194,Gadget C,West,Supplier Y,2024-07-12,2024-07-21,72,69.36,Delivered,4993.92,9
ORD00195,Gadget C,South,Supplier Y,2024-07-13,2024-07-23,13,81.66,Delivered,1061.58,10
ORD00196,Widget B,North,Supplier X,2024-07-14,2024-07-24,86,34.48,Delivered,2965.2799999999997,10
ORD00197,Widget B,South,Supplier Z,2024-07-15,2024-07-18,68,72.31,Delayed,4917.08,3
ORD00198,Gadget D,East,Supplier X,2024-07-16,2024-07-19,96,33.77,Delivered,3241.92,3
ORD00199,Widget A,East,Supplier X,2024-07-17,2024-07-21,17,94.52,Delivered,1606.84,4
ORD00200,Gadget C,North,Supplier Z,2024-07-18,2024-07-20,91,67.27,Delivered,6121.57,2
ORD00201,Gadget C,North,Supplier Z,2024-07-19,2024-07-24,21,39.21,Delivered,823.41,5
ORD00202,Gadget D,South,Supplier Y,2024-07-20,2024-07-25,40,34.26,Delivered,1370.3999999999999,5
ORD00203,Gadget C,West,Supplier Z,2024-07-21,2024-07-31,87,27.18,Delivered,2364.66,10
ORD00204,Widget A,South,Supplier Y,2024-07-22,2024-08-01,43,72.52,Delivered,3118.3599999999997,10
ORD00205,Gadget D,North,Supplier Z,2024-07-23,2024-08-02,91,29.68,Delivered,2700.88,10
ORD00206,Widget A,South,Supplier X,2024-07-24,2024-08-04,84,63.58,Delivered,5340.72,11
ORD00207,Gadget D,North,Supplier Y,2024-07-25,2024-08-02,85,33.82,Delivered,2874.7,8
ORD00208,Gadget D,South,Supplier Y,2024-07-26,2024-07-29,58,69.58,Delivered,4035.64,3
ORD00209,Widget B,North,Supplier Y,2024-07-27,2024-08-07,88,83.34,Delivered,7333.92,11
ORD00210,Widget A,North,Supplier X,2024-07-28,2024-08-03,66,80.02,Delivered,5281.32,6
ORD00211,Gadget C,North,Supplier X,2024-07-29,2024-08-03,35,78.48,Delivered,2746.8,5
ORD00212,Gadget C,West,Supplier X,2024-07-30,2024-08-08,27,26.9,Delayed,726.3,9
ORD00213,Widget A,South,Supplier X,2024-07-31,2024-08-03,95,17.95,Delivered,1705.25,3
ORD00214,Gadget C,South,Supplier X,2024-08-01,2024-08-08,47,72.91,Delivered,3426.77,7
ORD00215,Gadget C,South,Supplier Y,2024-08-02,2024-08-08,90,43.15,Delivered,3883.5,6
ORD00216,Widget A,North,Supplier X,2024-08-03,2024-08-06,96,48.91,Delivered,4695.36,3
ORD00217,Gadget D,South,Supplier Y,2024-08-04,2024-08-15,97,12.8,Delivered,1241.6000000000001,11
ORD00218,Widget A,South,Supplier X,2024-08-05,2024-08-07,59,33.36,Delivered,1968.24,2
ORD00219,Gadget D,North,Supplier Z,2024-08-06,2024-08-15,17,13.03,Delayed,221.51,9
ORD00220,Gadget C,East,Supplier Y,2024-08-07,2024-08-10,50,89.13,Delivered,4456.5,3
ORD00221,Gadget C,North,Supplier Z,2024-08-08,2024-08-16,15,31.91,Returned,478.65,8
ORD00222,Gadget C,South,Supplier Y,2024-08-09,2024-08-19,78,60.16,Delivered,4692.48,10
ORD00223,Widget B,North,Supplier Z,2024-08-10,2024-08-20,53,13.51,Delivered,716.03,10
ORD00224,Gadget D,East,Supplier X,2024-08-11,2024-08-20,73,70.02,Delivered,5111.46,9
ORD00225,Widget B,North,Supplier X,2024-08-12,2024-08-23,38,39.07,Delivered,1484.66,11
ORD00226,Widget B,South,Supplier X,2024-08-13,2024-08-23,37,90.81,Delivered,3359.9700000000003,10
ORD00227,Widget A,East,Supplier Y,2024-08-14,2024-08-17,20,89.93,Delivered,1798.6000000000001,3
ORD00228,Widget B,West,Supplier Z,2024-08-15,2024-08-22,74,39.28,Delivered,2906.7200000000003,7
ORD00229,Widget A,South,Supplier X,2024-08-16,2024-08-21,28,91.09,Returned,2550.52,5
ORD00230,Widget A,East,Supplier Z,2024-08-17,2024-08-22,18,99.65,Delayed,1793.7,5
ORD00231,Widget B,East,Supplier Z,2024-08-18,2024-08-24,36,84.29,Delivered,3034.44,6
ORD00232,Gadget D,West,Supplier X,2024-08-19,2024-08-23,43,86.04,Delivered,3699.7200000000003,4
ORD00233,Gadget D,North,Supplier X,2024-08-20,2024-08-22,53,32.41,Delivered,1717.7299999999998,2
ORD00234,Gadget D,North,Supplier Z,2024-08-21,2024-08-30,77,61.9,Delivered,4766.3,9
ORD00235,Gadget D,South,Supplier X,2024-08-22,2024-08-28,91,16.05,Delivered,1460.55,6
ORD00236,Gadget D,West,Supplier X,2024-08-23,2024-08-27,24,18.54,Delivered,444.96,4
ORD00237,Widget B,North,Supplier X,2024-08-24,2024-09-04,60,99.9,Delivered,5994.0,11
ORD00238,Widget B,West,Supplier Y,2024-08-25,2024-09-02,22,39.4,Delivered,866.8,8
ORD00239,Gadget C,North,Supplier Z,2024-08-26,2024-09-03,92,77.34,Returned,7115.280000000001,8
ORD00240,Gadget D,East,Supplier Z,2024-08-27,2024-08-29,58,82.6,Delivered,4790.799999999999,2
ORD00241,Widget B,North,Supplier Y,2024-08-28,2024-09-07,79,87.22,Returned,6890.38,10
ORD00242,Gadget C,West,Supplier Z,2024-08-29,2024-09-01,65,99.79,Delivered,6486.35,3
ORD00243,Gadget D,East,Supplier X,2024-08-30,2024-09-05,85,31.73,Delivered,2697.05,6
ORD00244,Widget A,East,Supplier Z,2024-08-31,2024-09-06,60,13.63,Delivered,817.8000000000001,6
ORD00245,Gadget C,East,Supplier X,2024-09-01,2024-09-10,46,47.01,Delivered,2162.46,9
ORD00246,Widget B,West,Supplier Y,2024-09-02,2024-09-11,26,21.71,Delivered,564.46,9
ORD00247,Widget A,South,Supplier X,2024-09-03,2024-09-11,67,12.02,Delivered,805.3399999999999,8
ORD00248,Widget A,South,Supplier Z,2024-09-04,2024-09-12,96,42.44,Delivered,4074.24,8
ORD00249,Widget A,South,Supplier Z,2024-09-05,2024-09-12,99,80.54,Delivered,7973.460000000001,7
ORD00250,Gadget C,West,Supplier Z,2024-09-06,2024-09-13,38,60.96,Delivered,2316.48,7
ORD00251,Widget B,East,Supplier Y,2024-09-07,2024-09-17,42,38.15,Delivered,1602.3,10
ORD00252,Widget A,South,Supplier Y,2024-09-08,2024-09-15,69,68.89,Delivered,4753.41,7
ORD00253,Gadget D,West,Supplier Z,2024-09-09,2024-09-12,98,30.88,Delivered,3026.24,3
ORD00254,Widget A,South,Supplier X,2024-09-10,2024-09-13,64,11.29,Delivered,722.56,3
ORD00255,Widget A,North,Supplier Y,2024-09-11,2024-09-17,19,78.79,Delivered,1497.0100000000002,6
ORD00256,Gadget C,South,Supplier Z,2024-09-12,2024-09-17,56,66.14,Returned,3703.84,5
ORD00257,Gadget C,South,Supplier Z,2024-09-13,2024-09-16,32,78.61,Delivered,2515.52,3
ORD00258,Widget B,East,Supplier Y,2024-09-14,2024-09-18,94,13.5,Delayed,1269.0,4
ORD00259,Gadget D,West,Supplier Y,2024-09-15,2024-09-23,30,85.34,Delivered,2560.2000000000003,8
ORD00260,Gadget C,East,Supplier Y,2024-09-16,2024-09-25,22,65.76,Delivered,1446.72,9
ORD00261,Widget A,East,Supplier X,2024-09-17,2024-09-24,42,60.71,Delivered,2549.82,7
ORD00262,Widget B,East,Supplier X,2024-09-18,2024-09-24,33,66.22,Delivered,2185.2599999999998,6
ORD00263,Widget A,East,Supplier Z,2024-09-19,2024-09-21,20,87.8,Delivered,1756.0,2
ORD00264,Widget A,East,Supplier Y,2024-09-20,2024-09-29,26,62.82,Delayed,1633.32,9
ORD00265,Gadget C,South,Supplier X,2024-09-21,2024-09-25,77,62.29,Delivered,4796.33,4
ORD00266,Widget B,East,Supplier Y,2024-09-22,2024-09-29,56,99.16,Delivered,5552.96,7
ORD00267,Gadget D,East,Supplier Z,2024-09-23,2024-09-27,34,78.11,Delivered,2655.74,4
ORD00268,Gadget D,West,Supplier X,2024-09-24,2024-10-02,82,49.81,Returned,4084.42,8
ORD00269,Gadget C,North,Supplier X,2024-09-25,2024-10-03,30,73.67,Delivered,2210.1,8
ORD00270,Gadget C,South,Supplier X,2024-09-26,2024-10-06,93,45.03,Delivered,4187.79,10
ORD00271,Widget B,South,Supplier Z,2024-09-27,2024-10-03,92,30.6,Delivered,2815.2000000000003,6
ORD00272,Gadget D,South,Supplier Y,2024-09-28,2024-10-07,92,63.72,Delayed,5862.24,9
ORD00273,Gadget D,East,Supplier X,2024-09-29,2024-10-10,21,93.54,Returned,1964.3400000000001,11
ORD00274,Gadget D,East,Supplier Z,2024-09-30,2024-10-11,46,93.62,Delivered,4306.52,11
ORD00275,Widget A,East,Supplier Y,2024-10-01,2024-10-10,51,40.77,Delayed,2079.27,9
ORD00276,Gadget D,West,Supplier Z,2024-10-02,2024-10-04,26,57.49,Delayed,1494.74,2
ORD00277,Widget A,North,Supplier Y,2024-10-03,2024-10-09,57,29.05,Delivered,1655.8500000000001,6
ORD00278,Widget B,East,Supplier Z,2024-10-04,2024-10-08,37,99.61,Delivered,3685.57,4
ORD00279,Widget A,North,Supplier Y,2024-10-05,2024-10-07,50,98.3,Delivered,4915.0,2
ORD00280,Widget B,West,Supplier X,2024-10-06,2024-10-11,56,68.46,Returned,3833.7599999999998,5
ORD00281,Gadget D,South,Supplier Y,2024-10-07,2024-10-16,27,82.4,Delivered,2224.8,9
ORD00282,Gadget D,East,Supplier Z,2024-10-08,2024-10-12,87,74.36,Delayed,6469.32,4
ORD00283,Widget B,North,Supplier Z,2024-10-09,2024-10-20,80,63.38,Delivered,5070.400000000001,11
ORD00284,Gadget C,North,Supplier Y,2024-10-10,2024-10-13,22,14.8,Delayed,325.6,3
ORD00285,Widget B,East,Supplier X,2024-10-11,2024-10-21,91,50.93,Delivered,4634.63,10
ORD00286,Gadget C,South,Supplier X,2024-10-12,2024-10-23,22,70.73,Delivered,1556.0600000000002,11
ORD00287,Widget A,South,Supplier Y,2024-10-13,2024-10-19,40,70.98,Delayed,2839.2000000000003,6
ORD00288,Widget A,South,Supplier Y,2024-10-14,2024-10-22,11,43.58,Delayed,479.38,8
ORD00289,Widget A,West,Supplier Z,2024-10-15,2024-10-18,25,94.75,Delayed,2368.75,3
ORD00290,Gadget D,North,Supplier X,2024-10-16,2024-10-26,18,25.06,Delivered,451.08,10
ORD00291,Widget A,North,Supplier Y,2024-10-17,2024-10-27,82,55.03,Delivered,4512.46,10
ORD00292,Gadget C,North,Supplier X,2024-10-18,2024-10-23,47,72.18,Delivered,3392.4600000000005,5
ORD00293,Widget A,West,Supplier Y,2024-10-19,2024-10-24,84,72.74,Delivered,6110.16,5
ORD00294,Widget B,North,Supplier Y,2024-10-20,2024-10-27,63,68.38,Delivered,4307.94,7
ORD00295,Widget B,West,Supplier X,2024-10-21,2024-11-01,65,34.78,Delivered,2260.7000000000003,11
ORD00296,Gadget D,South,Supplier Y,2024-10-22,2024-11-02,95,24.06,Delivered,2285.7,11
ORD00297,Widget B,East,Supplier Y,2024-10-23,2024-11-03,96,67.23,Returned,6454.08,11
ORD00298,Gadget C,North,Supplier Z,2024-10-24,2024-10-31,54,63.94,Delivered,3452.7599999999998,7
ORD00299,Widget A,North,Supplier Y,2024-10-25,2024-10-27,43,26.14,Delivered,1124.02,2
ORD00300,Gadget D,South,Supplier Y,2024-10-26,2024-11-05,18,73.46,Delivered,1322.28,10
ORD00301,Widget A,East,Supplier Y,2024-10-27,2024-10-30,97,50.97,Delivered,4944.09,3
ORD00302,Widget A,West,Supplier Z,2024-10-28,2024-11-03,17,70.1,Delivered,1191.6999999999998,6
ORD00303,Gadget C,East,Supplier X,2024-10-29,2024-11-08,16,85.36,Returned,1365.76,10
ORD00304,Widget B,South,Supplier Z,2024-10-30,2024-11-04,45,25.28,Delayed,1137.6000000000001,5
ORD00305,Widget B,South,Supplier Z,2024-10-31,2024-11-04,27,11.72,Returned,316.44,4
ORD00306,Widget A,East,Supplier X,2024-11-01,2024-11-09,12,80.12,Returned,961.44,8
ORD00307,Gadget D,West,Supplier Z,2024-11-02,2024-11-09,37,64.87,Delivered,2400.19,7
ORD00308,Widget B,West,Supplier X,2024-11-03,2024-11-12,79,72.97,Delivered,5764.63,9
ORD00309,Gadget D,North,Supplier Z,2024-11-04,2024-11-08,53,85.43,Delivered,4527.79,4
ORD00310,Widget B,West,Supplier X,2024-11-05,2024-11-11,30,82.25,Delivered,2467.5,6
ORD00311,Gadget D,East,Supplier Y,2024-11-06,2024-11-17,37,96.48,Delivered,3569.76,11
ORD00312,Gadget C,South,Supplier Z,2024-11-07,2024-11-12,63,58.23,Delivered,3668.49,5
ORD00313,Gadget D,North,Supplier Z,2024-11-08,2024-11-13,63,53.96,Delivered,3399.48,5
ORD00314,Gadget C,North,Supplier Z,2024-11-09,2024-11-14,74,46.17,Delivered,3416.58,5
ORD00315,Gadget C,South,Supplier Z,2024-11-10,2024-11-21,30,23.83,Delivered,714.9,11
ORD00316,Gadget D,West,Supplier Y,2024-11-11,2024-11-20,22,61.53,Delivered,1353.66,9
ORD00317,Gadget C,South,Supplier Z,2024-11-12,2024-11-19,66,34.93,Delivered,2305.38,7
ORD00318,Widget A,West,Supplier Y,2024-11-13,2024-11-17,58,92.92,Delivered,5389.36,4
ORD00319,Gadget C,South,Supplier Y,2024-11-14,2024-11-25,63,62.49,Delivered,3936.8700000000003,11
ORD00320,Widget B,East,Supplier Y,2024-11-15,2024-11-21,19,63.36,Delayed,1203.84,6
ORD00321,Gadget D,West,Supplier Y,2024-11-16,2024-11-23,62,41.94,Delivered,2600.2799999999997,7
ORD00322,Widget A,East,Supplier X,2024-11-17,2024-11-23,53,14.68,Delivered,778.04,6
ORD00323,Gadget D,North,Supplier X,2024-11-18,2024-11-25,56,12.86,Delayed,720.16,7
ORD00324,Widget B,South,Supplier Z,2024-11-19,2024-11-28,62,48.1,Delivered,2982.2000000000003,9
ORD00325,Widget B,North,Supplier X,2024-11-20,2024-11-28,83,17.61,Delivered,1461.6299999999999,8
ORD00326,Widget B,North,Supplier X,2024-11-21,2024-11-27,55,64.62,Delivered,3554.1000000000004,6
ORD00327,Gadget C,North,Supplier Z,2024-11-22,2024-12-03,22,89.29,Delivered,1964.38,11
ORD00328,Gadget C,North,Supplier Z,2024-11-23,2024-11-30,46,89.46,Delayed,4115.16,7
ORD00329,Gadget D,South,Supplier Z,2024-11-24,2024-11-29,33,69.31,Delayed,2287.23,5
ORD00330,Gadget D,North,Supplier X,2024-11-25,2024-12-05,11,29.01,Delivered,319.11,10
ORD00331,Widget A,South,Supplier X,2024-11-26,2024-12-01,95,87.67,Delivered,8328.65,5
ORD00332,Widget A,South,Supplier Z,2024-11-27,2024-11-29,90,89.75,Delivered,8077.5,2
ORD00333,Gadget D,East,Supplier Y,2024-11-28,2024-12-06,23,27.7,Delivered,637.1,8
ORD00334,Gadget C,West,Supplier Z,2024-11-29,2024-12-07,19,76.37,Delivered,1451.0300000000002,8
ORD00335,Widget B,West,Supplier Y,2024-11-30,2024-12-05,44,35.79,Delivered,1574.76,5
ORD00336,Gadget D,South,Supplier Y,2024-12-01,2024-12-05,34,82.24,Delivered,2796.16,4
ORD00337,Widget A,East,Supplier Z,2024-12-02,2024-12-11,12,99.75,Delivered,1197.0,9
ORD00338,Gadget C,South,Supplier Z,2024-12-03,2024-12-09,26,12.7,Delivered,330.2,6
ORD00339,Gadget D,South,Supplier Z,2024-12-04,2024-12-15,21,90.76,Delivered,1905.96,11
ORD00340,Gadget D,South,Supplier X,2024-12-05,2024-12-13,63,66.04,Delivered,4160.52,8
ORD00341,Gadget C,East,Supplier Y,2024-12-06,2024-12-11,33,97.6,Delayed,3220.7999999999997,5
ORD00342,Gadget D,West,Supplier X,2024-12-07,2024-12-12,38,51.85,Delivered,1970.3,5
ORD00343,Gadget C,East,Supplier X,2024-12-08,2024-12-17,52,86.26,Delivered,4485.52,9
ORD00344,Widget B,North,Supplier Z,2024-12-09,2024-12-18,34,15.62,Returned,531.0799999999999,9
ORD00345,Gadget C,East,Supplier X,2024-12-10,2024-12-13,69,40.18,Delivered,2772.42,3
ORD00346,Gadget C,East,Supplier Z,2024-12-11,2024-12-14,99,16.03,Delivered,1586.97,3
ORD00347,Gadget C,East,Supplier Y,2024-12-12,2024-12-16,74,97.78,Delivered,7235.72,4
ORD00348,Gadget D,East,Supplier Z,2024-12-13,2024-12-17,93,83.53,Delivered,7768.29,4
ORD00349,Gadget D,West,Supplier X,2024-12-14,2024-12-16,37,86.73,Delivered,3209.01,2
ORD00350,Gadget C,North,Supplier X,2024-12-15,2024-12-19,25,94.42,Delivered,2360.5,4
ORD00351,Gadget D,West,Supplier Z,2024-12-16,2024-12-23,56,17.66,Delivered,988.96,7
ORD00352,Widget A,West,Supplier Z,2024-12-17,2024-12-26,90,44.7,Delayed,4023.0000000000005,9
ORD00353,Widget A,East,Supplier X,2024-12-18,2024-12-29,67,16.39,Delivered,1098.13,11
ORD00354,Gadget D,South,Supplier Y,2024-12-19,2024-12-26,85,28.97,Delivered,2462.45,7
ORD00355,Gadget D,South,Supplier Y,2024-12-20,2024-12-26,36,30.64,Delayed,1103.04,6
ORD00356,Gadget C,West,Supplier Z,2024-12-21,2024-12-26,62,52.22,Delivered,3237.64,5
ORD00357,Widget B,West,Supplier Y,2024-12-22,2024-12-26,51,34.17,Delayed,1742.67,4
ORD00358,Gadget D,East,Supplier X,2024-12-23,2024-12-28,68,19.09,Delivered,1298.12,5
ORD00359,Widget A,West,Supplier Z,2024-12-24,2025-01-01,56,25.07,Delayed,1403.92,8
ORD00360,Gadget C,East,Supplier X,2024-12-25,2024-12-27,43,23.25,Delivered,999.75,2
ORD00361,Gadget D,South,Supplier X,2024-12-26,2025-01-03,46,97.58,Delayed,4488.68,8
ORD00362,Widget A,South,Supplier Y,2024-12-27,2024-12-29,15,78.34,Returned,1175.1000000000001,2
ORD00363,Widget A,North,Supplier Z,2024-12-28,2024-12-31,16,97.1,Delivered,1553.6,3
ORD00364,Widget B,South,Supplier Z,2024-12-29,2025-01-03,34,49.58,Delivered,1685.72,5
ORD00365,Gadget C,West,Supplier Y,2024-12-30,2025-01-01,42,35.05,Delivered,1472.1,2
ORD00366,Gadget C,South,Supplier X,2024-12-31,2025-01-10,64,81.85,Delivered,5238.4,10
ORD00367,Widget B,East,Supplier X,2025-01-01,2025-01-08,67,39.36,Delivered,2637.12,7
ORD00368,Widget B,South,Supplier X,2025-01-02,2025-01-04,16,36.94,Delivered,591.04,2
ORD00369,Gadget C,North,Supplier X,2025-01-03,2025-01-05,66,30.93,Delivered,2041.3799999999999,2
ORD00370,Gadget C,South,Supplier Z,2025-01-04,2025-01-11,21,21.67,Delivered,455.07000000000005,7
ORD00371,Gadget D,East,Supplier Z,2025-01-05,2025-01-10,25,33.08,Delivered,827.0,5
ORD00372,Gadget D,East,Supplier Y,2025-01-06,2025-01-11,89,41.98,Delivered,3736.22,5
ORD00373,Widget B,West,Supplier Y,2025-01-07,2025-01-14,52,70.66,Delivered,3674.3199999999997,7
ORD00374,Gadget D,South,Supplier Z,2025-01-08,2025-01-16,86,15.63,Delivered,1344.18,8
ORD00375,Widget A,East,Supplier Z,2025-01-09,2025-01-19,16,28.95,Delivered,463.2,10
ORD00376,Gadget D,North,Supplier X,2025-01-10,2025-01-21,60,82.81,Delivered,4968.6,11
ORD00377,Gadget D,West,Supplier X,2025-01-11,2025-01-17,82,23.22,Delivered,1904.04,6
ORD00378,Widget A,North,Supplier Y,2025-01-12,2025-01-22,41,40.84,Delivered,1674.44,10
ORD00379,Widget B,South,Supplier Z,2025-01-13,2025-01-18,84,87.82,Delivered,7376.879999999999,5
ORD00380,Widget A,South,Supplier Y,2025-01-14,2025-01-25,17,23.94,Delayed,406.98,11
ORD00381,Gadget D,South,Supplier Z,2025-01-15,2025-01-18,96,17.45,Delivered,1675.1999999999998,3
ORD00382,Widget B,West,Supplier X,2025-01-16,2025-01-20,98,53.61,Delivered,5253.78,4
ORD00383,Gadget D,East,Supplier Y,2025-01-17,2025-01-19,81,37.22,Delivered,3014.8199999999997,2
ORD00384,Widget A,West,Supplier Y,2025-01-18,2025-01-25,54,60.71,Delayed,3278.34,7
ORD00385,Widget A,North,Supplier Z,2025-01-19,2025-01-26,95,82.34,Returned,7822.3,7
ORD00386,Gadget D,West,Supplier X,2025-01-20,2025-01-22,68,22.34,Delivered,1519.12,2
ORD00387,Gadget C,North,Supplier Y,2025-01-21,2025-01-25,13,62.26,Delivered,809.38,4
ORD00388,Gadget C,West,Supplier X,2025-01-22,2025-01-28,76,55.5,Delayed,4218.0,6
ORD00389,Widget A,East,Supplier Y,2025-01-23,2025-01-27,38,22.97,Delivered,872.8599999999999,4
ORD00390,Widget A,North,Supplier X,2025-01-24,2025-02-04,38,66.16,Delivered,2514.08,11
ORD00391,Gadget C,South,Supplier Z,2025-01-25,2025-01-29,37,34.63,Delivered,1281.3100000000002,4
ORD00392,Gadget C,South,Supplier Y,2025-01-26,2025-02-06,86,53.91,Delivered,4636.259999999999,11
ORD00393,Gadget D,West,Supplier Y,2025-01-27,2025-01-31,88,17.4,Returned,1531.1999999999998,4
ORD00394,Gadget D,South,Supplier X,2025-01-28,2025-02-03,96,51.36,Returned,4930.5599999999995,6
ORD00395,Gadget C,North,Supplier X,2025-01-29,2025-02-04,53,37.58,Delayed,1991.74,6
ORD00396,Gadget D,South,Supplier Y,2025-01-30,2025-02-04,99,84.01,Delivered,8316.99,5
ORD00397,Gadget D,East,Supplier Z,2025-01-31,2025-02-02,13,15.13,Delayed,196.69,2
ORD00398,Widget B,East,Supplier X,2025-02-01,2025-02-07,99,47.67,Delivered,4719.33,6
ORD00399,Gadget D,West,Supplier X,2025-02-02,2025-02-13,18,51.26,Delivered,922.68,11
ORD00400,Widget A,North,Supplier X,2025-02-03,2025-02-09,14,75.25,Delayed,1053.5,6
ORD00401,Gadget D,East,Supplier Y,2025-02-04,2025-02-09,65,61.69,Delivered,4009.85,5
ORD00402,Gadget D,East,Supplier Y,2025-02-05,2025-02-12,93,70.05,Delivered,6514.65,7
ORD00403,Gadget C,North,Supplier Y,2025-02-06,2025-02-17,59,79.93,Delivered,4715.870000000001,11
ORD00404,Widget A,South,Supplier Y,2025-02-07,2025-02-12,84,87.6,Delayed,7358.4,5
ORD00405,Gadget D,South,Supplier Z,2025-02-08,2025-02-16,24,38.25,Delivered,918.0,8
ORD00406,Gadget D,West,Supplier Z,2025-02-09,2025-02-17,41,58.42,Delivered,2395.2200000000003,8
ORD00407,Widget B,South,Supplier Y,2025-02-10,2025-02-13,37,85.61,Delivered,3167.57,3
ORD00408,Gadget D,North,Supplier Z,2025-02-11,2025-02-15,31,99.05,Delayed,3070.5499999999997,4
ORD00409,Gadget D,East,Supplier X,2025-02-12,2025-02-14,26,90.06,Delayed,2341.56,2
ORD00410,Widget B,South,Supplier X,2025-02-13,2025-02-22,68,43.43,Delivered,2953.24,9
ORD00411,Gadget C,West,Supplier X,2025-02-14,2025-02-24,99,27.56,Delivered,2728.44,10
ORD00412,Gadget D,South,Supplier Y,2025-02-15,2025-02-20,80,54.05,Delivered,4324.0,5
ORD00413,Widget B,North,Supplier X,2025-02-16,2025-02-23,66,76.75,Returned,5065.5,7
ORD00414,Widget A,West,Supplier Z,2025-02-17,2025-02-27,35,54.33,Delivered,1901.55,10
ORD00415,Gadget C,South,Supplier Y,2025-02-18,2025-02-25,34,53.49,Returned,1818.66,7
ORD00416,Widget A,West,Supplier Z,2025-02-19,2025-03-01,19,85.44,Delivered,1623.36,10
ORD00417,Widget A,North,Supplier X,2025-02-20,2025-02-25,54,42.53,Delayed,2296.62,5
ORD00418,Widget B,East,Supplier X,2025-02-21,2025-03-02,92,87.38,Delayed,8038.959999999999,9
ORD00419,Gadget D,North,Supplier X,2025-02-22,2025-03-04,20,46.61,Delivered,932.2,10
ORD00420,Widget B,North,Supplier Y,2025-02-23,2025-02-28,86,39.54,Returned,3400.44,5
ORD00421,Widget B,North,Supplier Z,2025-02-24,2025-03-02,62,50.86,Delivered,3153.32,6
ORD00422,Widget B,North,Supplier Y,2025-02-25,2025-03-06,81,78.62,Delivered,6368.22,9
ORD00423,Widget B,East,Supplier Y,2025-02-26,2025-03-09,77,21.34,Delivered,1643.18,11
ORD00424,Gadget C,East,Supplier X,2025-02-27,2025-03-06,37,27.68,Delayed,1024.16,7
ORD00425,Gadget D,West,Supplier Y,2025-02-28,2025-03-08,84,95.63,Delivered,8032.92,8
ORD00426,Widget A,South,Supplier Y,2025-03-01,2025-03-05,74,25.79,Delivered,1908.46,4
ORD00427,Widget A,East,Supplier X,2025-03-02,2025-03-10,58,61.1,Delivered,3543.8,8
ORD00428,Gadget D,East,Supplier Y,2025-03-03,2025-03-12,56,62.14,Delivered,3479.84,9
ORD00429,Widget A,South,Supplier X,2025-03-04,2025-03-15,61,54.07,Delivered,3298.27,11
ORD00430,Gadget D,East,Supplier X,2025-03-05,2025-03-12,97,68.03,Delivered,6598.91,7
ORD00431,Widget A,North,Supplier X,2025-03-06,2025-03-17,63,30.68,Delayed,1932.84,11
ORD00432,Widget B,North,Supplier X,2025-03-07,2025-03-17,69,59.74,Delivered,4122.06,10
ORD00433,Widget A,South,Supplier Y,2025-03-08,2025-03-15,66,43.5,Delivered,2871.0,7
ORD00434,Gadget D,West,Supplier X,2025-03-09,2025-03-19,56,69.55,Delivered,3894.7999999999997,10
ORD00435,Gadget D,West,Supplier X,2025-03-10,2025-03-15,40,22.71,Delivered,908.4000000000001,5
ORD00436,Gadget D,South,Supplier Y,2025-03-11,2025-03-20,55,61.38,Delayed,3375.9,9
ORD00437,Gadget D,South,Supplier Y,2025-03-12,2025-03-17,35,26.67,Returned,933.45,5
ORD00438,Gadget D,North,Supplier Z,2025-03-13,2025-03-16,14,35.08,Delivered,491.12,3
ORD00439,Gadget C,West,Supplier Y,2025-03-14,2025-03-25,93,29.68,Delayed,2760.24,11
ORD00440,Gadget C,East,Supplier Y,2025-03-15,2025-03-25,61,26.46,Delayed,1614.06,10
ORD00441,Widget A,North,Supplier Z,2025-03-16,2025-03-22,84,84.31,Delayed,7082.04,6
ORD00442,Gadget D,South,Supplier Y,2025-03-17,2025-03-22,63,35.71,Delivered,2249.73,5
ORD00443,Widget A,West,Supplier Y,2025-03-18,2025-03-21,42,93.44,Returned,3924.48,3
ORD00444,Gadget D,East,Supplier Y,2025-03-19,2025-03-21,59,97.29,Delivered,5740.110000000001,2
ORD00445,Gadget D,East,Supplier Y,2025-03-20,2025-03-28,47,61.41,Delivered,2886.27,8
ORD00446,Gadget C,North,Supplier Z,2025-03-21,2025-03-28,36,22.87,Delivered,823.32,7
ORD00447,Gadget C,West,Supplier Y,2025-03-22,2025-03-25,24,43.71,Delivered,1049.04,3
ORD00448,Widget B,West,Supplier Y,2025-03-23,2025-04-01,70,81.8,Delivered,5726.0,9
ORD00449,Gadget C,South,Supplier Z,2025-03-24,2025-03-29,30,43.07,Delivered,1292.1,5
ORD00450,Widget B,West,Supplier X,2025-03-25,2025-04-03,55,17.83,Delivered,980.6499999999999,9
ORD00451,Widget B,West,Supplier Z,2025-03-26,2025-04-03,78,60.11,Delayed,4688.58,8
ORD00452,Widget B,North,Supplier X,2025-03-27,2025-04-02,15,86.06,Delayed,1290.9,6
ORD00453,Widget B,West,Supplier Z,2025-03-28,2025-04-08,47,81.63,Delivered,3836.6099999999997,11
ORD00454,Widget B,East,Supplier Z,2025-03-29,2025-04-09,71,25.76,Delayed,1828.96,11
ORD00455,Widget A,North,Supplier Y,2025-03-30,2025-04-08,95,70.55,Delayed,6702.25,9
ORD00456,Gadget C,North,Supplier X,2025-03-31,2025-04-10,71,29.85,Delayed,2119.35,10
ORD00457,Widget B,South,Supplier Y,2025-04-01,2025-04-07,91,29.64,Delivered,2697.2400000000002,6
ORD00458,Gadget D,West,Supplier X,2025-04-02,2025-04-13,87,88.67,Delivered,7714.29,11
ORD00459,Gadget C,South,Supplier Z,2025-04-03,2025-04-09,83,32.47,Returned,2695.0099999999998,6
ORD00460,Gadget C,East,Supplier Z,2025-04-04,2025-04-07,55,33.69,Delivered,1852.9499999999998,3
ORD00461,Widget B,North,Supplier X,2025-04-05,2025-04-11,22,10.06,Delivered,221.32000000000002,6
ORD00462,Widget A,North,Supplier Y,2025-04-06,2025-04-10,12,88.36,Delivered,1060.32,4
ORD00463,Widget B,North,Supplier Y,2025-04-07,2025-04-15,15,81.33,Delivered,1219.95,8
ORD00464,Widget A,East,Supplier Y,2025-04-08,2025-04-19,17,66.46,Delivered,1129.82,11
ORD00465,Gadget D,East,Supplier Y,2025-04-09,2025-04-15,53,77.52,Delivered,4108.5599999999995,6
ORD00466,Gadget C,South,Supplier Z,2025-04-10,2025-04-19,42,23.68,Delivered,994.56,9
ORD00467,Gadget D,South,Supplier Z,2025-04-11,2025-04-13,90,51.25,Delayed,4612.5,2
ORD00468,Widget A,South,Supplier Z,2025-04-12,2025-04-16,84,41.61,Delayed,3495.24,4
ORD00469,Widget A,West,Supplier Z,2025-04-13,2025-04-17,86,18.44,Delivered,1585.8400000000001,4
ORD00470,Gadget D,North,Supplier Z,2025-04-14,2025-04-24,59,53.75,Returned,3171.25,10
ORD00471,Widget A,North,Supplier Y,2025-04-15,2025-04-21,20,92.87,Delivered,1857.4,6
ORD00472,Gadget D,South,Supplier Y,2025-04-16,2025-04-26,37,13.61,Delivered,503.57,10
ORD00473,Gadget C,North,Supplier Y,2025-04-17,2025-04-27,79,36.23,Delayed,2862.1699999999996,10
ORD00474,Gadget D,South,Supplier Y,2025-04-18,2025-04-20,50,28.68,Delayed,1434.0,2
ORD00475,Gadget C,West,Supplier Z,2025-04-19,2025-04-22,25,31.43,Returned,785.75,3
ORD00476,Gadget D,West,Supplier Z,2025-04-20,2025-04-26,77,91.76,Delivered,7065.52,6
ORD00477,Widget A,East,Supplier Z,2025-04-21,2025-04-26,57,52.13,Delayed,2971.4100000000003,5
ORD00478,Gadget D,West,Supplier X,2025-04-22,2025-05-03,65,51.97,Delivered,3378.0499999999997,11
ORD00479,Widget A,South,Supplier Y,2025-04-23,2025-05-03,73,78.45,Delayed,5726.85,10
ORD00480,Gadget D,West,Supplier Y,2025-04-24,2025-05-02,68,23.9,Delayed,1625.1999999999998,8
ORD00481,Gadget D,East,Supplier Z,2025-04-25,2025-05-02,99,53.85,Delivered,5331.150000000001,7
ORD00482,Widget B,North,Supplier Y,2025-04-26,2025-05-04,71,48.7,Delivered,3457.7000000000003,8
ORD00483,Widget A,South,Supplier Y,2025-04-27,2025-04-29,85,63.72,Delayed,5416.2,2
ORD00484,Widget B,North,Supplier Z,2025-04-28,2025-04-30,20,99.96,Delivered,1999.1999999999998,2
ORD00485,Widget A,East,Supplier X,2025-04-29,2025-05-08,98,79.25,Delivered,7766.5,9
ORD00486,Widget B,East,Supplier X,2025-04-30,2025-05-03,27,45.81,Delayed,1236.8700000000001,3
ORD00487,Gadget C,East,Supplier X,2025-05-01,2025-05-12,28,84.48,Delivered,2365.44,11
ORD00488,Gadget D,North,Supplier Z,2025-05-02,2025-05-12,96,25.36,Delayed,2434.56,10
ORD00489,Widget A,North,Supplier Y,2025-05-03,2025-05-11,64,12.74,Delivered,815.36,8
ORD00490,Widget A,North,Supplier Z,2025-05-04,2025-05-11,91,28.4,Delivered,2584.4,7
ORD00491,Gadget D,North,Supplier Z,2025-05-05,2025-05-07,35,40.64,Delayed,1422.4,2
ORD00492,Widget A,East,Supplier Y,2025-05-06,2025-05-08,15,55.95,Delivered,839.25,2
ORD00493,Widget A,East,Supplier X,2025-05-07,2025-05-10,13,65.36,Delivered,849.68,3
ORD00494,Widget B,South,Supplier X,2025-05-08,2025-05-15,38,91.95,Delayed,3494.1,7
ORD00495,Widget A,South,Supplier Z,2025-05-09,2025-05-16,68,55.89,Delivered,3800.52,7
ORD00496,Gadget C,North,Supplier X,2025-05-10,2025-05-13,26,55.11,Delivered,1432.86,3
ORD00497,Gadget C,West,Supplier Z,2025-05-11,2025-05-13,52,14.52,Delivered,755.04,2
ORD00498,Gadget D,West,Supplier Z,2025-05-12,2025-05-23,89,13.14,Delayed,1169.46,11
ORD00499,Widget A,East,Supplier Y,2025-05-13,2025-05-19,75,59.6,Delayed,4470.0,6
ORD00500,Gadget D,East,Supplier Y,2025-05-14,2025-05-20,43,49.44,Delayed,2125.92,6
ORD00501,Gadget C,East,Supplier Y,2025-05-15,2025-05-18,17,85.53,Delivered,1454.01,3
ORD00502,Widget A,South,Supplier Z,2025-05-16,2025-05-23,22,24.46,Delayed,538.12,7
ORD00503,Widget A,South,Supplier Y,2025-05-17,2025-05-27,17,12.25,Delivered,208.25,10
ORD00504,Gadget D,East,Supplier X,2025-05-18,2025-05-21,74,50.41,Delivered,3730.3399999999997,3
ORD00505,Gadget C,East,Supplier X,2025-05-19,2025-05-30,52,31.37,Delivered,1631.24,11
ORD00506,Widget A,East,Supplier Z,2025-05-20,2025-05-23,48,14.47,Delayed,694.5600000000001,3
ORD00507,Gadget D,West,Supplier Z,2025-05-21,2025-05-25,90,75.21,Delayed,6768.9,4
ORD00508,Gadget C,South,Supplier Y,2025-05-22,2025-05-30,68,20.04,Delivered,1362.72,8
ORD00509,Gadget D,West,Supplier Z,2025-05-23,2025-05-30,93,64.75,Delivered,6021.75,7
ORD00510,Widget B,West,Supplier Z,2025-05-24,2025-06-02,97,35.29,Delayed,3423.13,9
ORD00511,Widget A,East,Supplier X,2025-05-25,2025-06-03,95,25.61,Delivered,2432.95,9
ORD00512,Widget B,East,Supplier X,2025-05-26,2025-06-02,95,44.18,Returned,4197.1,7
ORD00513,Gadget C,North,Supplier Y,2025-05-27,2025-06-07,53,82.13,Delivered,4352.889999999999,11
ORD00514,Widget B,North,Supplier Z,2025-05-28,2025-06-01,18,45.29,Delivered,815.22,4
ORD00515,Widget B,West,Supplier Z,2025-05-29,2025-06-02,46,77.57,Delivered,3568.22,4
ORD00516,Gadget C,South,Supplier X,2025-05-30,2025-06-01,83,21.29,Delivered,1767.07,2
ORD00517,Gadget D,East,Supplier Z,2025-05-31,2025-06-08,45,79.55,Returned,3579.75,8
ORD00518,Widget B,East,Supplier X,2025-06-01,2025-06-07,37,31.32,Delivered,1158.84,6
ORD00519,Gadget D,West,Supplier Y,2025-06-02,2025-06-07,51,70.97,Delayed,3619.47,5
ORD00520,Widget B,North,Supplier X,2025-06-03,2025-06-14,52,60.92,Delivered,3167.84,11
ORD00521,Gadget D,South,Supplier Z,2025-06-04,2025-06-09,94,93.62,Delivered,8800.28,5
ORD00522,Gadget C,North,Supplier Y,2025-06-05,2025-06-10,97,44.86,Delivered,4351.42,5
ORD00523,Widget B,North,Supplier X,2025-06-06,2025-06-13,51,15.95,Delivered,813.4499999999999,7
ORD00524,Gadget C,North,Supplier X,2025-06-07,2025-06-16,75,11.72,Returned,879.0,9
ORD00525,Widget B,North,Supplier Y,2025-06-08,2025-06-17,64,84.42,Delivered,5402.88,9
ORD00526,Gadget C,East,Supplier Y,2025-06-09,2025-06-15,81,57.23,Delivered,4635.63,6
ORD00527,Gadget C,East,Supplier X,2025-06-10,2025-06-17,57,79.77,Delivered,4546.889999999999,7
ORD00528,Widget B,North,Supplier Z,2025-06-11,2025-06-16,31,31.1,Delivered,964.1,5
ORD00529,Widget B,South,Supplier X,2025-06-12,2025-06-22,36,41.06,Delivered,1478.16,10
ORD00530,Widget B,West,Supplier Y,2025-06-13,2025-06-22,76,12.71,Delayed,965.96,9
ORD00531,Widget A,South,Supplier X,2025-06-14,2025-06-25,22,96.53,Delivered,2123.66,11
ORD00532,Gadget D,South,Supplier Y,2025-06-15,2025-06-26,54,70.11,Delivered,3785.94,11
ORD00533,Widget A,South,Supplier Y,2025-06-16,2025-06-18,19,93.99,Delivered,1785.81,2
ORD00534,Widget A,North,Supplier Z,2025-06-17,2025-06-20,18,33.89,Returned,610.02,3
ORD00535,Gadget C,East,Supplier Y,2025-06-18,2025-06-28,63,65.03,Delivered,4096.89,10
ORD00536,Widget B,South,Supplier Y,2025-06-19,2025-06-28,36,71.06,Delivered,2558.16,9
ORD00537,Gadget D,North,Supplier Z,2025-06-20,2025-06-24,43,38.58,Delivered,1658.9399999999998,4
ORD00538,Gadget C,South,Supplier Y,2025-06-21,2025-06-30,10,86.33,Delivered,863.3,9
ORD00539,Widget A,South,Supplier Z,2025-06-22,2025-06-24,41,95.24,Delivered,3904.8399999999997,2
ORD00540,Widget B,North,Supplier Z,2025-06-23,2025-07-04,98,89.64,Delivered,8784.72,11
ORD00541,Gadget C,East,Supplier Y,2025-06-24,2025-06-29,80,76.52,Delayed,6121.599999999999,5
ORD00542,Widget B,East,Supplier Y,2025-06-25,2025-06-29,76,34.97,Delivered,2657.72,4
ORD00543,Gadget C,West,Supplier X,2025-06-26,2025-07-03,93,35.35,Delayed,3287.55,7
ORD00544,Widget B,North,Supplier Z,2025-06-27,2025-07-05,29,96.7,Delivered,2804.3,8
ORD00545,Widget A,West,Supplier X,2025-06-28,2025-07-03,44,10.93,Delivered,480.91999999999996,5
ORD00546,Gadget D,West,Supplier Y,2025-06-29,2025-07-07,99,74.44,Delivered,7369.5599999999995,8
ORD00547,Widget A,West,Supplier X,2025-06-30,2025-07-10,87,73.56,Delivered,6399.72,10
ORD00548,Gadget D,East,Supplier Z,2025-07-01,2025-07-04,26,66.04,Delayed,1717.0400000000002,3
ORD00549,Widget B,North,Supplier X,2025-07-02,2025-07-06,27,99.11,Delivered,2675.97,4
ORD00550,Gadget C,West,Supplier Z,2025-07-03,2025-07-09,54,38.07,Delivered,2055.78,6
ORD00551,Widget A,North,Supplier Y,2025-07-04,2025-07-08,93,40.6,Delivered,3775.8,4
ORD00552,Gadget D,North,Supplier Y,2025-07-05,2025-07-14,62,17.1,Returned,1060.2,9
ORD00553,Widget A,East,Supplier Z,2025-07-06,2025-07-17,91,49.85,Delivered,4536.35,11
ORD00554,Gadget D,West,Supplier Y,2025-07-07,2025-07-16,77,33.49,Returned,2578.73,9
ORD00555,Widget A,West,Supplier Y,2025-07-08,2025-07-17,74,40.9,Delivered,3026.6,9
ORD00556,Gadget D,North,Supplier Y,2025-07-09,2025-07-19,10,85.11,Delivered,851.1,10
ORD00557,Gadget D,South,Supplier Y,2025-07-10,2025-07-15,67,94.19,Delivered,6310.73,5
ORD00558,Widget B,East,Supplier Z,2025-07-11,2025-07-17,35,26.72,Delivered,935.1999999999999,6
ORD00559,Gadget D,East,Supplier X,2025-07-12,2025-07-18,29,43.53,Delivered,1262.3700000000001,6
ORD00560,Widget B,East,Supplier X,2025-07-13,2025-07-22,96,93.58,Delivered,8983.68,9
ORD00561,Gadget D,East,Supplier Y,2025-07-14,2025-07-22,19,15.56,Returned,295.64,8
ORD00562,Gadget C,West,Supplier X,2025-07-15,2025-07-25,68,18.31,Delayed,1245.08,10
ORD00563,Gadget C,West,Supplier X,2025-07-16,2025-07-25,84,24.65,Delayed,2070.6,9
ORD00564,Gadget C,South,Supplier Y,2025-07-17,2025-07-20,50,63.57,Delivered,3178.5,3
ORD00565,Gadget D,East,Supplier Y,2025-07-18,2025-07-29,14,23.54,Delivered,329.56,11
ORD00566,Widget B,East,Supplier X,2025-07-19,2025-07-24,74,97.13,Delivered,7187.62,5
ORD00567,Widget B,North,Supplier Z,2025-07-20,2025-07-27,26,50.2,Delayed,1305.2,7
ORD00568,Gadget D,West,Supplier Y,2025-07-21,2025-07-24,31,55.14,Returned,1709.34,3
ORD00569,Gadget C,East,Supplier Z,2025-07-22,2025-07-30,50,32.2,Delivered,1610.0000000000002,8
ORD00570,Gadget C,South,Supplier X,2025-07-23,2025-07-27,77,52.39,Delivered,4034.03,4
ORD00571,Widget B,South,Supplier Y,2025-07-24,2025-07-28,78,69.57,Delivered,5426.459999999999,4
ORD00572,Gadget C,West,Supplier Z,2025-07-25,2025-07-28,20,77.61,Delivered,1552.2,3
ORD00573,Widget A,South,Supplier Y,2025-07-26,2025-08-04,65,77.85,Delivered,5060.25,9
ORD00574,Widget B,South,Supplier X,2025-07-27,2025-08-03,60,62.01,Delivered,3720.6,7
ORD00575,Gadget C,West,Supplier Z,2025-07-28,2025-07-30,30,91.39,Delayed,2741.7,2
ORD00576,Widget B,East,Supplier X,2025-07-29,2025-07-31,85,83.57,Delivered,7103.45,2
ORD00577,Widget A,East,Supplier X,2025-07-30,2025-08-07,35,78.13,Delivered,2734.5499999999997,8
ORD00578,Widget B,South,Supplier Y,2025-07-31,2025-08-09,28,15.0,Returned,420.0,9
ORD00579,Widget B,South,Supplier Z,2025-08-01,2025-08-07,69,10.62,Delivered,732.78,6
ORD00580,Widget B,East,Supplier X,2025-08-02,2025-08-08,80,29.12,Delivered,2329.6,6
ORD00581,Widget B,West,Supplier X,2025-08-03,2025-08-08,56,69.72,Delivered,3904.3199999999997,5
ORD00582,Widget A,South,Supplier Z,2025-08-04,2025-08-11,80,47.01,Delivered,3760.7999999999997,7
ORD00583,Gadget D,North,Supplier X,2025-08-05,2025-08-12,35,46.22,Delivered,1617.7,7
ORD00584,Widget B,West,Supplier X,2025-08-06,2025-08-10,49,89.61,Delayed,4390.89,4
ORD00585,Widget B,South,Supplier Z,2025-08-07,2025-08-17,14,90.6,Delivered,1268.3999999999999,10
ORD00586,Gadget C,South,Supplier Z,2025-08-08,2025-08-16,30,91.83,Delivered,2754.9,8
ORD00587,Widget B,North,Supplier Z,2025-08-09,2025-08-11,87,38.25,Delivered,3327.75,2
ORD00588,Gadget C,North,Supplier Z,2025-08-10,2025-08-18,13,72.2,Delivered,938.6,8
ORD00589,Gadget D,East,Supplier Y,2025-08-11,2025-08-17,32,34.45,Delayed,1102.4,6
ORD00590,Widget A,West,Supplier Z,2025-08-12,2025-08-18,93,27.15,Delayed,2524.95,6
ORD00591,Widget A,West,Supplier Y,2025-08-13,2025-08-16,24,26.62,Delivered,638.88,3
ORD00592,Gadget D,East,Supplier Y,2025-08-14,2025-08-19,17,40.79,Delayed,693.43,5
ORD00593,Widget A,West,Supplier Y,2025-08-15,2025-08-22,50,48.7,Delivered,2435.0,7
ORD00594,Gadget D,West,Supplier X,2025-08-16,2025-08-27,28,84.79,Returned,2374.1200000000003,11
ORD00595,Gadget D,West,Supplier Y,2025-08-17,2025-08-25,55,20.79,Delivered,1143.45,8
ORD00596,Gadget D,West,Supplier Y,2025-08-18,2025-08-24,37,76.14,Returned,2817.18,6
ORD00597,Widget A,West,Supplier X,2025-08-19,2025-08-29,77,57.83,Delayed,4452.91,10
ORD00598,Gadget C,North,Supplier X,2025-08-20,2025-08-24,24,35.92,Delivered,862.08,4
ORD00599,Gadget D,West,Supplier X,2025-08-21,2025-08-23,46,54.35,Delivered,2500.1,2
ORD00600,Widget B,North,Supplier Z,2025-08-22,2025-08-27,10,36.99,Returned,369.90000000000003,5
ORD00601,Widget A,West,Supplier X,2025-08-23,2025-09-02,76,63.65,Delayed,4837.4,10
ORD00602,Gadget D,East,Supplier X,2025-08-24,2025-08-29,33,49.05,Delivered,1618.6499999999999,5
ORD00603,Gadget D,South,Supplier Y,2025-08-25,2025-08-28,36,24.8,Delayed,892.8000000000001,3
ORD00604,Widget B,North,Supplier X,2025-08-26,2025-09-06,49,20.49,Delivered,1004.0099999999999,11
ORD00605,Gadget C,West,Supplier Z,2025-08-27,2025-09-02,72,59.2,Delivered,4262.400000000001,6
ORD00606,Gadget C,East,Supplier X,2025-08-28,2025-09-01,70,91.22,Delivered,6385.4,4
ORD00607,Gadget C,South,Supplier Z,2025-08-29,2025-09-08,45,40.96,Delivered,1843.2,10
ORD00608,Gadget D,North,Supplier X,2025-08-30,2025-09-04,33,75.97,Delayed,2507.0099999999998,5
ORD00609,Gadget D,South,Supplier X,2025-08-31,2025-09-07,33,69.28,Delivered,2286.2400000000002,7
ORD00610,Gadget D,East,Supplier X,2025-09-01,2025-09-04,13,93.84,Delayed,1219.92,3
ORD00611,Widget A,North,Supplier X,2025-09-02,2025-09-09,76,83.89,Delivered,6375.64,7
ORD00612,Widget B,South,Supplier Z,2025-09-03,2025-09-07,43,60.99,Delivered,2622.57,4
ORD00613,Gadget D,West,Supplier Z,2025-09-04,2025-09-14,66,69.13,Delivered,4562.58,10
ORD00614,Widget B,North,Supplier Y,2025-09-05,2025-09-08,58,90.85,Delivered,5269.299999999999,3
ORD00615,Widget B,South,Supplier Z,2025-09-06,2025-09-16,96,45.96,Delivered,4412.16,10
ORD00616,Gadget C,East,Supplier X,2025-09-07,2025-09-13,62,39.41,Delivered,2443.4199999999996,6
ORD00617,Widget A,East,Supplier Y,2025-09-08,2025-09-17,32,10.97,Delivered,351.04,9
ORD00618,Gadget D,North,Supplier Y,2025-09-09,2025-09-12,78,84.39,Delivered,6582.42,3
ORD00619,Gadget C,South,Supplier Y,2025-09-10,2025-09-17,62,82.09,Delivered,5089.58,7
ORD00620,Gadget C,North,Supplier X,2025-09-11,2025-09-15,71,19.4,Delivered,1377.3999999999999,4
ORD00621,Gadget D,North,Supplier Z,2025-09-12,2025-09-23,50,61.92,Delayed,3096.0,11
ORD00622,Widget B,South,Supplier X,2025-09-13,2025-09-19,66,51.76,Returned,3416.16,6
ORD00623,Gadget C,South,Supplier Y,2025-09-14,2025-09-23,69,20.68,Delivered,1426.92,9
ORD00624,Widget B,West,Supplier X,2025-09-15,2025-09-26,63,98.25,Delivered,6189.75,11
ORD00625,Widget A,South,Supplier X,2025-09-16,2025-09-18,79,29.32,Delivered,2316.28,2
ORD00626,Widget B,East,Supplier Z,2025-09-17,2025-09-23,66,16.05,Returned,1059.3,6
ORD00627,Widget A,North,Supplier Z,2025-09-18,2025-09-22,19,63.54,Delivered,1207.26,4
ORD00628,Widget B,North,Supplier Y,2025-09-19,2025-09-24,49,76.5,Delivered,3748.5,5
ORD00629,Gadget C,East,Supplier X,2025-09-20,2025-09-23,16,12.92,Delivered,206.72,3
ORD00630,Gadget C,South,Supplier X,2025-09-21,2025-10-01,47,69.28,Delivered,3256.16,10
ORD00631,Widget A,East,Supplier Z,2025-09-22,2025-09-26,94,57.91,Delivered,5443.54,4
ORD00632,Gadget D,East,Supplier X,2025-09-23,2025-09-26,70,19.29,Delayed,1350.3,3
ORD00633,Widget A,West,Supplier X,2025-09-24,2025-10-05,93,25.53,Delivered,2374.29,11
ORD00634,Widget A,East,Supplier X,2025-09-25,2025-10-05,12,61.12,Delivered,733.4399999999999,10
ORD00635,Widget B,North,Supplier Z,2025-09-26,2025-10-04,60,36.67,Delivered,2200.2000000000003,8
ORD00636,Widget B,East,Supplier Y,2025-09-27,2025-10-04,95,94.45,Delivered,8972.75,7
ORD00637,Widget A,North,Supplier Y,2025-09-28,2025-09-30,56,83.69,Returned,4686.639999999999,2
ORD00638,Gadget C,North,Supplier X,2025-09-29,2025-10-05,77,98.52,Delivered,7586.04,6
ORD00639,Widget B,North,Supplier Y,2025-09-30,2025-10-04,85,33.37,Delayed,2836.45,4
ORD00640,Gadget D,South,Supplier Z,2025-10-01,2025-10-03,47,97.28,Delivered,4572.16,2
ORD00641,Widget B,West,Supplier Z,2025-10-02,2025-10-07,45,48.81,Delivered,2196.4500000000003,5
ORD00642,Widget B,North,Supplier Y,2025-10-03,2025-10-06,50,41.28,Returned,2064.0,3
ORD00643,Gadget D,North,Supplier Y,2025-10-04,2025-10-07,78,14.53,Delivered,1133.34,3
ORD00644,Widget A,South,Supplier X,2025-10-05,2025-10-09,22,14.75,Delayed,324.5,4
ORD00645,Gadget D,North,Supplier Y,2025-10-06,2025-10-15,96,72.28,Delivered,6938.88,9
ORD00646,Widget A,East,Supplier X,2025-10-07,2025-10-16,67,51.21,Delayed,3431.07,9
ORD00647,Widget A,East,Supplier X,2025-10-08,2025-10-16,59,30.39,Delivered,1793.01,8
ORD00648,Widget A,West,Supplier Z,2025-10-09,2025-10-16,39,65.26,Delivered,2545.1400000000003,7
ORD00649,Gadget D,North,Supplier Z,2025-10-10,2025-10-20,71,32.76,Delayed,2325.96,10
ORD00650,Widget A,South,Supplier Z,2025-10-11,2025-10-16,34,61.99,Returned,2107.66,5
ORD00651,Gadget C,East,Supplier Z,2025-10-12,2025-10-14,36,42.33,Returned,1523.8799999999999,2
ORD00652,Gadget D,South,Supplier Y,2025-10-13,2025-10-22,60,84.12,Delayed,5047.200000000001,9
ORD00653,Gadget C,South,Supplier Z,2025-10-14,2025-10-22,87,83.86,Delayed,7295.82,8
ORD00654,Widget A,East,Supplier Y,2025-10-15,2025-10-23,66,52.96,Delivered,3495.36,8
ORD00655,Widget B,South,Supplier Z,2025-10-16,2025-10-20,56,41.57,Delivered,2327.92,4
ORD00656,Widget A,East,Supplier Y,2025-10-17,2025-10-22,48,42.63,Delivered,2046.2400000000002,5
ORD00657,Gadget C,South,Supplier X,2025-10-18,2025-10-29,25,82.51,Delivered,2062.75,11
ORD00658,Gadget C,East,Supplier Y,2025-10-19,2025-10-29,31,39.54,Delivered,1225.74,10
ORD00659,Gadget D,North,Supplier Y,2025-10-20,2025-10-27,94,28.82,Delivered,2709.08,7
ORD00660,Widget B,West,Supplier Z,2025-10-21,2025-10-27,63,17.62,Delivered,1110.0600000000002,6
ORD00661,Gadget D,East,Supplier Y,2025-10-22,2025-10-26,30,52.0,Delivered,1560.0,4
ORD00662,Gadget C,East,Supplier X,2025-10-23,2025-11-02,81,53.39,Delivered,4324.59,10
ORD00663,Widget A,West,Supplier X,2025-10-24,2025-10-30,25,85.68,Delivered,2142.0,6
ORD00664,Widget B,East,Supplier Z,2025-10-25,2025-10-31,68,29.91,Delivered,2033.88,6
ORD00665,Widget A,East,Supplier X,2025-10-26,2025-10-31,40,44.29,Delayed,1771.6,5
ORD00666,Widget A,South,Supplier Y,2025-10-27,2025-11-01,51,82.76,Delayed,4220.76,5
ORD00667,Widget B,West,Supplier X,2025-10-28,2025-10-30,83,84.13,Delivered,6982.79,2
ORD00668,Gadget D,North,Supplier Z,2025-10-29,2025-11-06,41,44.61,Delivered,1829.01,8
ORD00669,Widget A,East,Supplier Y,2025-10-30,2025-11-09,68,51.32,Delivered,3489.76,10
ORD00670,Gadget C,West,Supplier Z,2025-10-31,2025-11-04,43,37.3,Delivered,1603.8999999999999,4
ORD00671,Widget A,South,Supplier Y,2025-11-01,2025-11-04,18,93.93,Delivered,1690.7400000000002,3
ORD00672,Widget B,North,Supplier X,2025-11-02,2025-11-06,90,20.68,Delivered,1861.2,4
ORD00673,Widget B,West,Supplier Z,2025-11-03,2025-11-05,20,94.04,Delivered,1880.8000000000002,2
ORD00674,Widget B,North,Supplier Z,2025-11-04,2025-11-11,19,71.55,Delivered,1359.45,7
ORD00675,Gadget D,North,Supplier Y,2025-11-05,2025-11-13,95,57.84,Returned,5494.8,8
ORD00676,Widget A,North,Supplier Z,2025-11-06,2025-11-09,26,12.94,Returned,336.44,3
ORD00677,Gadget D,East,Supplier Y,2025-11-07,2025-11-16,77,52.8,Delivered,4065.6,9
ORD00678,Gadget D,East,Supplier Y,2025-11-08,2025-11-15,57,46.7,Delivered,2661.9,7
ORD00679,Widget B,South,Supplier Y,2025-11-09,2025-11-14,61,24.51,Delivered,1495.1100000000001,5
ORD00680,Widget B,South,Supplier Y,2025-11-10,2025-11-16,34,69.08,Delivered,2348.72,6
ORD00681,Gadget D,West,Supplier X,2025-11-11,2025-11-20,30,97.4,Returned,2922.0,9
ORD00682,Widget A,South,Supplier Y,2025-11-12,2025-11-16,74,60.6,Delivered,4484.400000000001,4
ORD00683,Gadget C,North,Supplier Z,2025-11-13,2025-11-17,72,74.33,Delayed,5351.76,4
ORD00684,Gadget D,North,Supplier X,2025-11-14,2025-11-19,98,16.16,Delivered,1583.68,5
ORD00685,Widget A,East,Supplier Z,2025-11-15,2025-11-17,60,47.59,Returned,2855.4,2
ORD00686,Widget B,North,Supplier X,2025-11-16,2025-11-26,45,20.47,Delivered,921.15,10
ORD00687,Widget B,West,Supplier Y,2025-11-17,2025-11-26,90,65.15,Delayed,5863.500000000001,9
ORD00688,Widget A,North,Supplier X,2025-11-18,2025-11-27,97,94.46,Delivered,9162.619999999999,9
ORD00689,Gadget C,North,Supplier X,2025-11-19,2025-11-30,75,69.56,Delivered,5217.0,11
ORD00690,Widget B,West,Supplier Z,2025-11-20,2025-11-27,24,16.91,Delivered,405.84000000000003,7
ORD00691,Widget B,South,Supplier Z,2025-11-21,2025-11-29,48,41.92,Delivered,2012.16,8
ORD00692,Widget B,South,Supplier Y,2025-11-22,2025-11-29,79,59.56,Returned,4705.24,7
ORD00693,Widget A,West,Supplier X,2025-11-23,2025-12-03,10,46.29,Returned,462.9,10
ORD00694,Gadget D,East,Supplier X,2025-11-24,2025-11-28,32,85.03,Delayed,2720.96,4
ORD00695,Widget B,North,Supplier X,2025-11-25,2025-11-29,48,83.32,Delivered,3999.3599999999997,4
ORD00696,Gadget D,West,Supplier Y,2025-11-26,2025-11-30,66,65.06,Delayed,4293.96,4
ORD00697,Gadget C,North,Supplier Y,2025-11-27,2025-12-08,90,43.61,Delivered,3924.9,11
ORD00698,Widget B,East,Supplier Y,2025-11-28,2025-12-02,43,32.98,Delivered,1418.1399999999999,4
ORD00699,Widget B,North,Supplier Y,2025-11-29,2025-12-09,50,19.53,Delivered,976.5,10
ORD00700,Gadget C,West,Supplier Y,2025-11-30,2025-12-05,82,41.94,Delivered,3439.08,5
ORD00701,Widget B,North,Supplier Z,2025-12-01,2025-12-09,22,47.19,Delivered,1038.1799999999998,8
ORD00702,Gadget D,South,Supplier X,2025-12-02,2025-12-12,79,70.82,Delivered,5594.78,10
ORD00703,Widget A,East,Supplier X,2025-12-03,2025-12-11,15,69.23,Delivered,1038.45,8
ORD00704,Gadget D,East,Supplier X,2025-12-04,2025-12-14,93,16.31,Delayed,1516.83,10
ORD00705,Widget A,East,Supplier X,2025-12-05,2025-12-09,61,45.57,Delivered,2779.77,4
ORD00706,Widget A,West,Supplier X,2025-12-06,2025-12-11,12,26.36,Delivered,316.32,5
ORD00707,Gadget D,East,Supplier X,2025-12-07,2025-12-16,90,24.11,Delivered,2169.9,9
ORD00708,Gadget D,South,Supplier X,2025-12-08,2025-12-15,72,84.46,Delivered,6081.12,7
ORD00709,Gadget D,West,Supplier X,2025-12-09,2025-12-15,58,13.77,Delivered,798.66,6
ORD00710,Gadget D,South,Supplier Z,2025-12-10,2025-12-15,85,47.73,Delivered,4057.0499999999997,5
ORD00711,Gadget C,North,Supplier X,2025-12-11,2025-12-20,56,25.14,Delivered,1407.8400000000001,9
ORD00712,Widget B,North,Supplier Z,2025-12-12,2025-12-14,64,89.14,Delivered,5704.96,2
ORD00713,Widget A,North,Supplier Y,2025-12-13,2025-12-23,73,60.13,Delivered,4389.49,10
ORD00714,Gadget D,North,Supplier X,2025-12-14,2025-12-16,74,30.82,Delayed,2280.68,2
ORD00715,Gadget D,South,Supplier Y,2025-12-15,2025-12-24,90,55.22,Delivered,4969.8,9
ORD00716,Gadget D,West,Supplier Y,2025-12-16,2025-12-21,76,75.83,Delivered,5763.08,5
ORD00717,Gadget C,West,Supplier Y,2025-12-17,2025-12-27,99,96.23,Delayed,9526.77,10
ORD00718,Gadget D,East,Supplier Z,2025-12-18,2025-12-24,24,29.84,Delivered,716.16,6
ORD00719,Gadget D,South,Supplier Y,2025-12-19,2025-12-23,41,89.76,Delivered,3680.1600000000003,4
ORD00720,Gadget D,North,Supplier Y,2025-12-20,2025-12-30,77,94.09,Delayed,7244.93,10
ORD00721,Widget B,South,Supplier Y,2025-12-21,2025-12-31,27,92.48,Delivered,2496.96,10
ORD00722,Gadget C,East,Supplier X,2025-12-22,2025-12-27,92,67.19,Delivered,6181.48,5
ORD00723,Gadget D,East,Supplier X,2025-12-23,2025-12-28,52,66.68,Delivered,3467.3600000000006,5
ORD00724,Widget A,South,Supplier Z,2025-12-24,2026-01-02,44,46.29,Delivered,2036.76,9
ORD00725,Widget A,South,Supplier Z,2025-12-25,2025-12-28,87,77.72,Delivered,6761.64,3
ORD00726,Widget A,South,Supplier X,2025-12-26,2026-01-05,67,57.82,Delivered,3873.94,10
ORD00727,Gadget C,West,Supplier Z,2025-12-27,2026-01-03,42,70.97,Delivered,2980.74,7
ORD00728,Gadget C,North,Supplier X,2025-12-28,2026-01-07,23,48.56,Delivered,1116.88,10
ORD00729,Widget A,South,Supplier Y,2025-12-29,2026-01-07,43,75.83,Delivered,3260.69,9
ORD00730,Gadget D,South,Supplier Y,2025-12-30,2026-01-07,70,84.2,Delivered,5894.0,8
ORD00731,Gadget C,South,Supplier Z,2025-12-31,2026-01-02,13,23.18,Delivered,301.34,2
ORD00732,Widget A,East,Supplier X,2026-01-01,2026-01-05,97,84.96,Delivered,8241.119999999999,4
ORD00733,Widget A,East,Supplier X,2026-01-02,2026-01-05,68,58.63,Delivered,3986.84,3
ORD00734,Gadget D,West,Supplier Z,2026-01-03,2026-01-09,38,86.02,Returned,3268.7599999999998,6
ORD00735,Widget B,North,Supplier X,2026-01-04,2026-01-10,92,48.82,Delivered,4491.44,6
ORD00736,Gadget C,West,Supplier Y,2026-01-05,2026-01-11,15,44.11,Delivered,661.65,6
ORD00737,Gadget D,North,Supplier Z,2026-01-06,2026-01-11,58,92.36,Delivered,5356.88,5
ORD00738,Widget A,East,Supplier Z,2026-01-07,2026-01-13,49,32.61,Delivered,1597.8899999999999,6
ORD00739,Widget A,East,Supplier X,2026-01-08,2026-01-12,92,85.98,Returned,7910.160000000001,4
ORD00740,Gadget D,East,Supplier Z,2026-01-09,2026-01-11,74,53.56,Delivered,3963.44,2
ORD00741,Gadget C,West,Supplier X,2026-01-10,2026-01-16,78,56.27,Returned,4389.06,6
ORD00742,Widget B,South,Supplier X,2026-01-11,2026-01-21,36,37.76,Delivered,1359.36,10
ORD00743,Widget B,South,Supplier X,2026-01-12,2026-01-22,89,61.57,Delayed,5479.7300000000005,10
ORD00744,Widget A,East,Supplier X,2026-01-13,2026-01-18,15,39.27,Delivered,589.0500000000001,5
ORD00745,Gadget C,South,Supplier X,2026-01-14,2026-01-18,22,13.53,Delayed,297.65999999999997,4
ORD00746,Widget B,South,Supplier Z,2026-01-15,2026-01-17,73,34.48,Delivered,2517.04,2
ORD00747,Gadget C,West,Supplier Y,2026-01-16,2026-01-19,71,10.57,Delivered,750.47,3
ORD00748,Gadget C,North,Supplier Y,2026-01-17,2026-01-26,28,98.05,Delivered,2745.4,9
ORD00749,Widget A,East,Supplier Z,2026-01-18,2026-01-20,85,96.92,Delivered,8238.2,2
ORD00750,Widget B,East,Supplier Z,2026-01-19,2026-01-28,89,45.56,Returned,4054.84,9
ORD00751,Gadget D,West,Supplier Y,2026-01-20,2026-01-28,52,75.55,Delivered,3928.6,8
ORD00752,Widget A,West,Supplier Y,2026-01-21,2026-01-30,83,41.12,Delivered,3412.9599999999996,9
ORD00753,Widget B,South,Supplier Y,2026-01-22,2026-01-29,98,70.4,Delayed,6899.200000000001,7
ORD00754,Widget B,East,Supplier Y,2026-01-23,2026-02-02,29,82.49,Delivered,2392.21,10
ORD00755,Widget B,North,Supplier Y,2026-01-24,2026-01-28,77,95.21,Returned,7331.169999999999,4
ORD00756,Widget B,West,Supplier X,2026-01-25,2026-02-05,53,46.02,Delayed,2439.06,11
ORD00757,Widget B,North,Supplier Z,2026-01-26,2026-01-31,32,80.5,Delivered,2576.0,5
ORD00758,Gadget C,North,Supplier X,2026-01-27,2026-02-03,11,33.93,Delayed,373.23,7
ORD00759,Widget A,East,Supplier Y,2026-01-28,2026-02-06,31,99.13,Delivered,3073.0299999999997,9
ORD00760,Gadget C,East,Supplier Y,2026-01-29,2026-02-04,66,12.32,Delivered,813.12,6
ORD00761,Gadget D,West,Supplier Y,2026-01-30,2026-02-03,81,64.32,Delivered,5209.919999999999,4
ORD00762,Widget B,East,Supplier X,2026-01-31,2026-02-07,16,69.36,Delivered,1109.76,7
ORD00763,Widget A,East,Supplier X,2026-02-01,2026-02-06,87,71.92,Delayed,6257.04,5
ORD00764,Widget B,East,Supplier Y,2026-02-02,2026-02-12,65,20.83,Returned,1353.9499999999998,10
ORD00765,Widget A,North,Supplier X,2026-02-03,2026-02-07,76,94.47,Delivered,7179.72,4
ORD00766,Gadget C,West,Supplier X,2026-02-04,2026-02-09,25,26.31,Delivered,657.75,5
ORD00767,Widget A,South,Supplier Y,2026-02-05,2026-02-13,92,66.05,Returned,6076.599999999999,8
ORD00768,Gadget D,North,Supplier X,2026-02-06,2026-02-14,60,30.04,Delivered,1802.3999999999999,8
ORD00769,Gadget D,East,Supplier Z,2026-02-07,2026-02-12,91,37.65,Delivered,3426.15,5
ORD00770,Widget A,North,Supplier Z,2026-02-08,2026-02-15,89,59.18,Delivered,5267.0199999999995,7
ORD00771,Widget A,East,Supplier Z,2026-02-09,2026-02-13,81,47.55,Returned,3851.5499999999997,4
ORD00772,Widget A,East,Supplier Z,2026-02-10,2026-02-17,21,24.42,Delivered,512.82,7
ORD00773,Widget A,North,Supplier Y,2026-02-11,2026-02-14,62,25.38,Delayed,1573.56,3
ORD00774,Gadget D,West,Supplier Y,2026-02-12,2026-02-21,84,47.63,Delayed,4000.92,9
ORD00775,Widget B,East,Supplier Y,2026-02-13,2026-02-16,14,78.16,Delivered,1094.24,3
ORD00776,Widget A,West,Supplier Z,2026-02-14,2026-02-22,36,90.82,Delivered,3269.5199999999995,8
ORD00777,Widget A,South,Supplier Z,2026-02-15,2026-02-25,21,17.57,Delayed,368.97,10
ORD00778,Gadget D,East,Supplier X,2026-02-16,2026-02-18,26,45.38,Delivered,1179.88,2
ORD00779,Gadget D,West,Supplier X,2026-02-17,2026-02-26,15,19.02,Delayed,285.3,9
ORD00780,Gadget C,West,Supplier Z,2026-02-18,2026-02-26,14,11.49,Returned,160.86,8
ORD00781,Widget A,South,Supplier Z,2026-02-19,2026-02-26,66,69.55,Delivered,4590.3,7
ORD00782,Gadget C,West,Supplier Z,2026-02-20,2026-02-27,37,64.22,Delayed,2376.14,7
ORD00783,Gadget D,West,Supplier Z,2026-02-21,2026-02-28,87,24.67,Delayed,2146.29,7
ORD00784,Gadget D,South,Supplier X,2026-02-22,2026-03-04,78,31.04,Delayed,2421.12,10
ORD00785,Widget B,East,Supplier Z,2026-02-23,2026-02-26,68,12.13,Delivered,824.84,3
ORD00786,Widget A,West,Supplier X,2026-02-24,2026-02-26,42,85.15,Delivered,3576.3,2
ORD00787,Gadget C,West,Supplier Z,2026-02-25,2026-03-04,71,97.72,Delivered,6938.12,7
ORD00788,Gadget D,West,Supplier Z,2026-02-26,2026-03-09,59,22.19,Delivered,1309.21,11
ORD00789,Gadget D,North,Supplier Z,2026-02-27,2026-03-08,28,30.83,Delivered,863.24,9
ORD00790,Gadget C,South,Supplier X,2026-02-28,2026-03-04,95,88.16,Delayed,8375.199999999999,4
ORD00791,Widget B,North,Supplier X,2026-03-01,2026-03-12,78,93.38,Delivered,7283.639999999999,11
ORD00792,Gadget D,South,Supplier Y,2026-03-02,2026-03-04,75,47.77,Delivered,3582.7500000000005,2
ORD00793,Widget A,East,Supplier Z,2026-03-03,2026-03-13,56,14.56,Delivered,815.36,10
ORD00794,Gadget D,East,Supplier Y,2026-03-04,2026-03-06,48,13.55,Delayed,650.4000000000001,2
ORD00795,Widget A,West,Supplier Y,2026-03-05,2026-03-09,77,61.66,Delivered,4747.82,4
ORD00796,Gadget C,South,Supplier X,2026-03-06,2026-03-15,42,45.36,Delivered,1905.12,9
ORD00797,Widget A,East,Supplier X,2026-03-07,2026-03-11,22,12.58,Delivered,276.76,4
ORD00798,Gadget C,South,Supplier Y,2026-03-08,2026-03-13,93,62.49,Delayed,5811.570000000001,5
ORD00799,Widget A,East,Supplier Z,2026-03-09,2026-03-18,63,11.02,Delivered,694.26,9
ORD00800,Gadget C,North,Supplier X,2026-03-10,2026-03-12,16,80.86,Delivered,1293.76,2
ORD00801,Widget A,East,Supplier Z,2026-03-11,2026-03-18,88,37.58,Returned,3307.04,7
ORD00802,Widget B,North,Supplier Z,2026-03-12,2026-03-14,96,13.62,Delayed,1307.52,2
ORD00803,Widget A,East,Supplier Y,2026-03-13,2026-03-15,23,62.95,Returned,1447.8500000000001,2
ORD00804,Widget A,West,Supplier Y,2026-03-14,2026-03-23,96,45.79,Delivered,4395.84,9
ORD00805,Widget B,North,Supplier Y,2026-03-15,2026-03-20,28,97.64,Delivered,2733.92,5
ORD00806,Gadget D,East,Supplier Y,2026-03-16,2026-03-18,63,58.98,Delayed,3715.74,2
ORD00807,Gadget D,West,Supplier X,2026-03-17,2026-03-28,29,34.77,Delivered,1008.33,11
ORD00808,Widget A,North,Supplier X,2026-03-18,2026-03-26,38,73.85,Delayed,2806.2999999999997,8
ORD00809,Widget B,West,Supplier Y,2026-03-19,2026-03-25,33,34.43,Delivered,1136.19,6
ORD00810,Widget A,South,Supplier X,2026-03-20,2026-03-26,91,91.38,Delivered,8315.58,6
ORD00811,Gadget C,South,Supplier Y,2026-03-21,2026-03-23,72,43.72,Delivered,3147.84,2
ORD00812,Gadget C,North,Supplier Z,2026-03-22,2026-04-02,83,59.49,Delivered,4937.67,11
ORD00813,Widget A,East,Supplier Z,2026-03-23,2026-03-30,66,14.55,Delivered,960.3000000000001,7
ORD00814,Gadget D,North,Supplier Z,2026-03-24,2026-04-03,17,48.35,Delivered,821.95,10
ORD00815,Gadget D,West,Supplier Y,2026-03-25,2026-04-04,99,84.91,Returned,8406.09,10
ORD00816,Widget A,East,Supplier Z,2026-03-26,2026-04-04,71,82.51,Delivered,5858.21,9
ORD00817,Widget A,South,Supplier X,2026-03-27,2026-04-02,38,30.19,Delivered,1147.22,6
ORD00818,Gadget C,East,Supplier Z,2026-03-28,2026-03-30,83,30.35,Delayed,2519.05,2
ORD00819,Gadget D,South,Supplier Z,2026-03-29,2026-04-08,26,83.56,Delivered,2172.56,10
ORD00820,Widget A,East,Supplier Z,2026-03-30,2026-04-01,75,93.74,Delivered,7030.5,2
ORD00821,Gadget C,East,Supplier X,2026-03-31,2026-04-09,15,18.58,Delayed,278.7,9
ORD00822,Gadget D,East,Supplier Y,2026-04-01,2026-04-07,67,50.51,Delivered,3384.17,6
ORD00823,Widget B,West,Supplier X,2026-04-02,2026-04-06,78,40.37,Delayed,3148.8599999999997,4
ORD00824,Gadget C,West,Supplier Y,2026-04-03,2026-04-11,37,88.36,Delayed,3269.32,8
ORD00825,Gadget D,North,Supplier Y,2026-04-04,2026-04-12,71,17.52,Returned,1243.92,8
ORD00826,Gadget D,North,Supplier Z,2026-04-05,2026-04-15,50,29.0,Delivered,1450.0,10
ORD00827,Gadget C,South,Supplier Y,2026-04-06,2026-04-14,78,77.72,Delivered,6062.16,8
ORD00828,Widget B,West,Supplier X,2026-04-07,2026-04-11,91,14.62,Delivered,1330.4199999999998,4
ORD00829,Gadget C,South,Supplier X,2026-04-08,2026-04-10,99,54.33,Delivered,5378.67,2
ORD00830,Gadget D,North,Supplier Y,2026-04-09,2026-04-18,93,49.79,Delayed,4630.47,9
ORD00831,Widget A,South,Supplier Z,2026-04-10,2026-04-14,50,40.1,Delivered,2005.0,4
ORD00832,Widget A,North,Supplier Z,2026-04-11,2026-04-20,58,45.51,Delivered,2639.58,9
ORD00833,Gadget C,West,Supplier X,2026-04-12,2026-04-21,58,57.69,Delayed,3346.02,9
ORD00834,Gadget D,East,Supplier Z,2026-04-13,2026-04-19,85,24.52,Delivered,2084.2,6
ORD00835,Widget A,West,Supplier Y,2026-04-14,2026-04-16,80,61.48,Delivered,4918.4,2
ORD00836,Gadget D,South,Supplier Y,2026-04-15,2026-04-26,12,82.49,Delivered,989.8799999999999,11
ORD00837,Gadget C,South,Supplier X,2026-04-16,2026-04-24,19,78.41,Delayed,1489.79,8
ORD00838,Widget A,West,Supplier Y,2026-04-17,2026-04-28,98,23.85,Delivered,2337.3,11
ORD00839,Gadget D,West,Supplier X,2026-04-18,2026-04-24,44,23.43,Delayed,1030.92,6
ORD00840,Widget A,North,Supplier Y,2026-04-19,2026-04-28,89,34.14,Delivered,3038.46,9
ORD00841,Gadget C,South,Supplier X,2026-04-20,2026-04-30,11,42.5,Delayed,467.5,10
ORD00842,Gadget D,South,Supplier Z,2026-04-21,2026-04-29,33,46.76,Delayed,1543.08,8
ORD00843,Widget A,West,Supplier Y,2026-04-22,2026-04-30,83,71.17,Delivered,5907.110000000001,8
ORD00844,Gadget C,East,Supplier Y,2026-04-23,2026-04-25,47,15.1,Delivered,709.6999999999999,2
ORD00845,Widget A,South,Supplier X,2026-04-24,2026-04-29,31,13.12,Delivered,406.71999999999997,5
ORD00846,Widget A,East,Supplier X,2026-04-25,2026-04-28,35,45.27,Delayed,1584.45,3
ORD00847,Widget B,West,Supplier Y,2026-04-26,2026-04-29,52,72.74,Delivered,3782.4799999999996,3
ORD00848,Widget B,West,Supplier X,2026-04-27,2026-04-30,64,27.41,Delivered,1754.24,3
ORD00849,Gadget C,North,Supplier Y,2026-04-28,2026-05-03,48,67.74,Delivered,3251.5199999999995,5
ORD00850,Widget B,South,Supplier Z,2026-04-29,2026-05-01,38,33.38,Delivered,1268.44,2
ORD00851,Gadget C,East,Supplier X,2026-04-30,2026-05-05,29,89.75,Delivered,2602.75,5
ORD00852,Widget B,North,Supplier Y,2026-05-01,2026-05-04,50,90.61,Delivered,4530.5,3
ORD00853,Widget A,South,Supplier Z,2026-05-02,2026-05-08,63,36.76,Delivered,2315.8799999999997,6
ORD00854,Gadget C,North,Supplier Z,2026-05-03,2026-05-07,29,30.7,Delayed,890.3,4
ORD00855,Gadget C,West,Supplier Y,2026-05-04,2026-05-13,28,47.02,Delivered,1316.5600000000002,9
ORD00856,Widget A,South,Supplier X,2026-05-05,2026-05-10,93,31.65,Delivered,2943.45,5
ORD00857,Gadget C,North,Supplier Y,2026-05-06,2026-05-08,75,70.51,Returned,5288.25,2
ORD00858,Gadget C,North,Supplier Z,2026-05-07,2026-05-09,39,84.35,Delayed,3289.6499999999996,2
ORD00859,Widget B,East,Supplier Y,2026-05-08,2026-05-19,62,70.58,Returned,4375.96,11
ORD00860,Gadget C,North,Supplier X,2026-05-09,2026-05-13,43,84.19,Delivered,3620.17,4
ORD00861,Gadget D,South,Supplier Z,2026-05-10,2026-05-20,31,45.73,Delivered,1417.6299999999999,10
ORD00862,Widget A,South,Supplier Y,2026-05-11,2026-05-19,76,24.07,Delivered,1829.32,8
ORD00863,Widget B,East,Supplier X,2026-05-12,2026-05-15,15,76.42,Delayed,1146.3,3
ORD00864,Widget B,South,Supplier Z,2026-05-13,2026-05-23,88,42.44,Delivered,3734.72,10
ORD00865,Gadget D,West,Supplier X,2026-05-14,2026-05-25,36,70.41,Delivered,2534.7599999999998,11
ORD00866,Widget A,South,Supplier Z,2026-05-15,2026-05-18,19,34.36,Delivered,652.84,3
ORD00867,Widget A,South,Supplier Y,2026-05-16,2026-05-20,82,17.31,Delivered,1419.4199999999998,4
ORD00868,Widget B,North,Supplier X,2026-05-17,2026-05-28,57,99.33,Delivered,5661.8099999999995,11
ORD00869,Gadget C,North,Supplier Z,2026-05-18,2026-05-21,79,24.06,Delivered,1900.74,3
ORD00870,Widget B,South,Supplier X,2026-05-19,2026-05-23,68,98.96,Delivered,6729.28,4
ORD00871,Widget A,East,Supplier X,2026-05-20,2026-05-27,68,97.96,Delivered,6661.28,7
ORD00872,Gadget D,North,Supplier Y,2026-05-21,2026-05-31,11,81.44,Returned,895.8399999999999,10
ORD00873,Widget B,East,Supplier X,2026-05-22,2026-06-01,38,69.35,Delayed,2635.2999999999997,10
ORD00874,Widget A,South,Supplier Z,2026-05-23,2026-05-31,77,62.0,Returned,4774.0,8
ORD00875,Widget B,South,Supplier Z,2026-05-24,2026-05-28,74,87.95,Delayed,6508.3,4
ORD00876,Gadget C,West,Supplier Z,2026-05-25,2026-05-30,92,36.05,Delivered,3316.6,5
ORD00877,Widget B,North,Supplier Z,2026-05-26,2026-06-02,35,52.09,Delivered,1823.15,7
ORD00878,Widget B,South,Supplier Y,2026-05-27,2026-06-02,98,65.75,Delivered,6443.5,6
ORD00879,Widget A,West,Supplier X,2026-05-28,2026-05-31,19,47.01,Delivered,893.1899999999999,3
ORD00880,Widget A,North,Supplier Y,2026-05-29,2026-06-05,62,48.47,Delivered,3005.14,7
ORD00881,Widget A,South,Supplier X,2026-05-30,2026-06-03,88,39.73,Delivered,3496.24,4
ORD00882,Widget B,South,Supplier X,2026-05-31,2026-06-09,68,60.78,Delivered,4133.04,9
ORD00883,Gadget C,North,Supplier X,2026-06-01,2026-06-04,31,86.55,Delivered,2683.0499999999997,3
ORD00884,Gadget D,North,Supplier Y,2026-06-02,2026-06-04,60,28.14,Delivered,1688.4,2
ORD00885,Gadget D,North,Supplier X,2026-06-03,2026-06-13,57,94.1,Delivered,5363.7,10
ORD00886,Widget A,South,Supplier Y,2026-06-04,2026-06-08,30,72.02,Delayed,2160.6,4
ORD00887,Widget A,South,Supplier Z,2026-06-05,2026-06-07,31,84.09,Delivered,2606.79,2
ORD00888,Widget B,West,Supplier Z,2026-06-06,2026-06-14,39,60.06,Delivered,2342.34,8
ORD00889,Gadget D,East,Supplier X,2026-06-07,2026-06-18,34,80.16,Delivered,2725.44,11
ORD00890,Widget A,North,Supplier Y,2026-06-08,2026-06-14,37,11.46,Delivered,424.02000000000004,6
ORD00891,Gadget C,South,Supplier Z,2026-06-09,2026-06-15,74,83.65,Delivered,6190.1,6
ORD00892,Gadget C,South,Supplier Y,2026-06-10,2026-06-12,54,13.61,Delivered,734.9399999999999,2
ORD00893,Widget A,North,Supplier Y,2026-06-11,2026-06-21,77,90.09,Delivered,6936.93,10
ORD00894,Widget A,East,Supplier X,2026-06-12,2026-06-20,16,99.28,Delivered,1588.48,8
ORD00895,Gadget D,North,Supplier Z,2026-06-13,2026-06-22,58,36.47,Returned,2115.2599999999998,9
ORD00896,Gadget D,East,Supplier X,2026-06-14,2026-06-24,18,28.93,Returned,520.74,10
ORD00897,Widget B,South,Supplier X,2026-06-15,2026-06-22,45,78.88,Delivered,3549.6,7
ORD00898,Gadget D,East,Supplier Z,2026-06-16,2026-06-22,92,32.77,Delivered,3014.84,6
ORD00899,Gadget C,West,Supplier Z,2026-06-17,2026-06-24,10,87.9,Delayed,879.0,7
ORD00900,Gadget C,South,Supplier Y,2026-06-18,2026-06-21,19,19.26,Delivered,365.94000000000005,3
ORD00901,Widget A,West,Supplier Z,2026-06-19,2026-06-24,45,21.34,Delivered,960.3,5
ORD00902,Gadget D,North,Supplier Y,2026-06-20,2026-06-24,82,98.12,Delivered,8045.84,4
ORD00903,Widget B,North,Supplier Y,2026-06-21,2026-06-29,55,70.65,Returned,3885.7500000000005,8
ORD00904,Gadget C,North,Supplier Y,2026-06-22,2026-07-02,41,86.22,Delivered,3535.02,10
ORD00905,Gadget C,East,Supplier Z,2026-06-23,2026-06-29,41,39.19,Delivered,1606.79,6
ORD00906,Widget B,South,Supplier X,2026-06-24,2026-07-01,15,70.88,Delayed,1063.1999999999998,7
ORD00907,Widget B,North,Supplier Y,2026-06-25,2026-07-06,57,63.48,Delivered,3618.3599999999997,11
ORD00908,Gadget C,North,Supplier X,2026-06-26,2026-06-29,47,64.28,Delivered,3021.16,3
ORD00909,Gadget C,South,Supplier X,2026-06-27,2026-07-01,26,71.43,Returned,1857.1800000000003,4
ORD00910,Widget B,North,Supplier Z,2026-06-28,2026-07-02,83,61.78,Delivered,5127.74,4
ORD00911,Gadget C,West,Supplier X,2026-06-29,2026-07-09,36,48.62,Delivered,1750.32,10
ORD00912,Widget A,South,Supplier X,2026-06-30,2026-07-08,63,34.83,Delivered,2194.29,8
ORD00913,Widget A,South,Supplier Z,2026-07-01,2026-07-10,59,79.17,Delivered,4671.03,9
ORD00914,Widget B,South,Supplier Y,2026-07-02,2026-07-13,44,30.36,Delivered,1335.84,11
ORD00915,Gadget D,West,Supplier X,2026-07-03,2026-07-13,94,72.31,Delivered,6797.14,10
ORD00916,Widget B,South,Supplier Z,2026-07-04,2026-07-11,34,31.0,Delivered,1054.0,7
ORD00917,Widget B,West,Supplier X,2026-07-05,2026-07-10,37,66.28,Delayed,2452.36,5
ORD00918,Gadget D,South,Supplier X,2026-07-06,2026-07-08,24,77.24,Delivered,1853.7599999999998,2
ORD00919,Gadget D,East,Supplier Y,2026-07-07,2026-07-16,13,29.68,Delivered,385.84,9
ORD00920,Gadget D,North,Supplier X,2026-07-08,2026-07-16,82,15.39,Delivered,1261.98,8
ORD00921,Widget A,East,Supplier Z,2026-07-09,2026-07-12,36,21.79,Delayed,784.4399999999999,3
ORD00922,Gadget C,North,Supplier X,2026-07-10,2026-07-19,35,64.54,Delivered,2258.9,9
ORD00923,Widget A,West,Supplier Y,2026-07-11,2026-07-17,28,86.45,Delivered,2420.6,6
ORD00924,Gadget C,East,Supplier Y,2026-07-12,2026-07-20,26,14.05,Delivered,365.3,8
ORD00925,Widget A,South,Supplier Z,2026-07-13,2026-07-18,52,76.07,Delivered,3955.6399999999994,5
ORD00926,Gadget C,North,Supplier Y,2026-07-14,2026-07-20,50,40.72,Delivered,2036.0,6
ORD00927,Widget A,North,Supplier X,2026-07-15,2026-07-24,51,53.07,Delayed,2706.57,9
ORD00928,Gadget D,East,Supplier Y,2026-07-16,2026-07-18,59,93.6,Delivered,5522.4,2
ORD00929,Widget B,West,Supplier Z,2026-07-17,2026-07-19,93,39.88,Delivered,3708.84,2
ORD00930,Widget A,East,Supplier Y,2026-07-18,2026-07-23,49,51.88,Delivered,2542.1200000000003,5
ORD00931,Gadget C,West,Supplier Y,2026-07-19,2026-07-23,48,11.23,Delayed,539.04,4
ORD00932,Gadget D,West,Supplier Y,2026-07-20,2026-07-31,32,17.34,Delivered,554.88,11
ORD00933,Widget A,North,Supplier Z,2026-07-21,2026-07-24,61,33.27,Delivered,2029.4700000000003,3
ORD00934,Widget A,East,Supplier Y,2026-07-22,2026-07-26,56,12.51,Delivered,700.56,4
ORD00935,Gadget D,East,Supplier Y,2026-07-23,2026-07-25,72,66.82,Delivered,4811.039999999999,2
ORD00936,Widget A,West,Supplier X,2026-07-24,2026-07-26,78,48.38,Delivered,3773.6400000000003,2
ORD00937,Widget B,East,Supplier Z,2026-07-25,2026-08-01,52,59.33,Delivered,3085.16,7
ORD00938,Widget A,South,Supplier Y,2026-07-26,2026-08-01,57,25.72,Delivered,1466.04,6
ORD00939,Widget B,South,Supplier Z,2026-07-27,2026-08-05,43,36.63,Delivered,1575.0900000000001,9
ORD00940,Widget B,East,Supplier Y,2026-07-28,2026-07-31,49,69.74,Delivered,3417.2599999999998,3
ORD00941,Gadget D,East,Supplier Y,2026-07-29,2026-08-03,84,96.88,Delivered,8137.92,5
ORD00942,Widget A,West,Supplier Y,2026-07-30,2026-08-08,70,14.54,Delivered,1017.8,9
ORD00943,Gadget D,South,Supplier X,2026-07-31,2026-08-07,59,90.13,Delayed,5317.67,7
ORD00944,Widget A,South,Supplier X,2026-08-01,2026-08-03,76,61.92,Returned,4705.92,2
ORD00945,Widget A,North,Supplier X,2026-08-02,2026-08-07,71,60.75,Returned,4313.25,5
ORD00946,Gadget C,West,Supplier Z,2026-08-03,2026-08-05,67,55.03,Delayed,3687.01,2
ORD00947,Widget A,North,Supplier Z,2026-08-04,2026-08-07,42,16.25,Delivered,682.5,3
ORD00948,Gadget D,South,Supplier X,2026-08-05,2026-08-11,84,18.09,Delayed,1519.56,6
ORD00949,Widget B,West,Supplier Z,2026-08-06,2026-08-15,25,64.08,Delivered,1602.0,9
ORD00950,Widget A,East,Supplier Y,2026-08-07,2026-08-16,91,40.69,Delivered,3702.79,9
ORD00951,Gadget C,West,Supplier Y,2026-08-08,2026-08-12,57,92.55,Delivered,5275.349999999999,4
ORD00952,Gadget D,East,Supplier Y,2026-08-09,2026-08-14,19,46.59,Delivered,885.21,5
ORD00953,Widget A,East,Supplier X,2026-08-10,2026-08-21,91,22.9,Delayed,2083.9,11
ORD00954,Gadget D,West,Supplier Z,2026-08-11,2026-08-18,47,74.32,Delivered,3493.0399999999995,7
ORD00955,Gadget C,East,Supplier X,2026-08-12,2026-08-23,28,36.4,Delivered,1019.1999999999999,11
ORD00956,Gadget C,North,Supplier Z,2026-08-13,2026-08-17,45,57.29,Returned,2578.05,4
ORD00957,Gadget D,South,Supplier Y,2026-08-14,2026-08-17,68,72.8,Delivered,4950.4,3
ORD00958,Widget A,East,Supplier X,2026-08-15,2026-08-22,72,91.02,Delivered,6553.44,7
ORD00959,Widget B,North,Supplier Z,2026-08-16,2026-08-22,86,81.3,Returned,6991.8,6
ORD00960,Gadget C,East,Supplier Z,2026-08-17,2026-08-28,55,70.87,Delivered,3897.8500000000004,11
ORD00961,Widget A,South,Supplier Y,2026-08-18,2026-08-24,12,71.17,Delivered,854.04,6
ORD00962,Widget A,North,Supplier X,2026-08-19,2026-08-30,83,95.13,Delivered,7895.79,11
ORD00963,Widget B,South,Supplier X,2026-08-20,2026-08-26,74,36.62,Delivered,2709.8799999999997,6
ORD00964,Gadget C,South,Supplier X,2026-08-21,2026-09-01,17,10.1,Delayed,171.7,11
ORD00965,Gadget C,North,Supplier Y,2026-08-22,2026-08-28,60,34.48,Delivered,2068.7999999999997,6
ORD00966,Widget A,North,Supplier X,2026-08-23,2026-08-27,90,29.61,Delivered,2664.9,4
ORD00967,Widget A,North,Supplier Y,2026-08-24,2026-09-01,82,69.57,Delivered,5704.74,8
ORD00968,Widget B,West,Supplier Y,2026-08-25,2026-09-01,15,67.03,Delivered,1005.45,7
ORD00969,Widget B,North,Supplier Y,2026-08-26,2026-08-31,98,63.41,Returned,6214.179999999999,5
ORD00970,Gadget C,North,Supplier Z,2026-08-27,2026-08-30,48,11.46,Delivered,550.08,3
ORD00971,Gadget D,North,Supplier X,2026-08-28,2026-09-07,69,75.59,Delivered,5215.71,10
ORD00972,Gadget C,North,Supplier X,2026-08-29,2026-08-31,37,39.12,Delivered,1447.4399999999998,2
ORD00973,Widget A,East,Supplier Y,2026-08-30,2026-09-04,63,69.86,Delivered,4401.18,5
ORD00974,Gadget C,West,Supplier Y,2026-08-31,2026-09-02,46,60.09,Returned,2764.1400000000003,2
ORD00975,Gadget D,South,Supplier X,2026-09-01,2026-09-08,18,40.85,Delivered,735.3000000000001,7
ORD00976,Widget B,North,Supplier Y,2026-09-02,2026-09-07,91,22.11,Delivered,2012.01,5
ORD00977,Gadget D,East,Supplier X,2026-09-03,2026-09-09,65,18.5,Delivered,1202.5,6
ORD00978,Gadget D,East,Supplier Z,2026-09-04,2026-09-10,68,84.84,Delayed,5769.12,6
ORD00979,Gadget D,East,Supplier Y,2026-09-05,2026-09-15,94,92.66,Delivered,8710.039999999999,10
ORD00980,Widget B,South,Supplier X,2026-09-06,2026-09-08,11,68.48,Delayed,753.2800000000001,2
ORD00981,Gadget D,North,Supplier Y,2026-09-07,2026-09-10,70,19.31,Delivered,1351.6999999999998,3
ORD00982,Gadget D,West,Supplier X,2026-09-08,2026-09-15,67,46.18,Delayed,3094.06,7
ORD00983,Gadget D,West,Supplier X,2026-09-09,2026-09-15,69,75.6,Delivered,5216.4,6
ORD00984,Widget A,East,Supplier Y,2026-09-10,2026-09-18,49,80.18,Delivered,3928.82,8
ORD00985,Gadget D,South,Supplier Z,2026-09-11,2026-09-15,45,20.64,Delivered,928.8000000000001,4
ORD00986,Widget B,South,Supplier X,2026-09-12,2026-09-16,46,10.0,Delivered,460.0,4
ORD00987,Gadget D,South,Supplier X,2026-09-13,2026-09-24,88,74.09,Returned,6519.92,11
ORD00988,Gadget D,West,Supplier X,2026-09-14,2026-09-17,27,42.09,Delayed,1136.43,3
ORD00989,Widget B,East,Supplier Z,2026-09-15,2026-09-19,72,32.9,Delivered,2368.7999999999997,4
ORD00990,Gadget D,North,Supplier Z,2026-09-16,2026-09-27,31,11.16,Delivered,345.96,11
ORD00991,Widget B,West,Supplier Y,2026-09-17,2026-09-19,20,58.63,Delivered,1172.6000000000001,2
ORD00992,Gadget D,East,Supplier Z,2026-09-18,2026-09-24,67,86.6,Delayed,5802.2,6
ORD00993,Widget B,East,Supplier Y,2026-09-19,2026-09-25,66,96.19,Delivered,6348.54,6
ORD00994,Gadget D,North,Supplier Y,2026-09-20,2026-09-28,86,60.92,Delivered,5239.12,8
ORD00995,Gadget D,North,Supplier Z,2026-09-21,2026-09-26,13,56.3,Delivered,731.9,5
ORD00996,Widget A,North,Supplier Y,2026-09-22,2026-09-26,95,17.66,Delivered,1677.7,4
ORD00997,Widget A,South,Supplier Z,2026-09-23,2026-09-25,16,59.4,Delivered,950.4,2
ORD00998,Gadget D,North,Supplier Y,2026-09-24,2026-10-03,70,44.2,Delivered,3094.0,9
ORD00999,Gadget D,East,Supplier Z,2026-09-25,2026-09-29,63,64.64,Delivered,4072.32,4
ORD01000,Gadget C,North,Supplier Z,2026-09-26,2026-09-29,97,44.99,Returned,4364.03,3
